"""http://localhost:8080#Bürgermeister_von_1_354885""","""Personen sind  Bürgermeister von Agel?""","""select  ?o    {    <http://de.dbpedia.org/resource/Agel> <http://dbpedia.org/ontology/mayor>  ?o .    }""","""http://de.dbpedia.org/resource/Camille_Calas""","""null""","""NPP""","""single"""
"""http://localhost:8080#Bürgermeister_von_1_354886""","""Personen waren  Bürgermeister von Agel?""","""select  ?o    {    <http://de.dbpedia.org/resource/Agel> <http://dbpedia.org/ontology/mayor>  ?o .    }""","""http://de.dbpedia.org/resource/Camille_Calas""","""null""","""NPP""","""single"""
"""http://localhost:8080#Bürgermeister_von_1_354887""","""Gib mir  Bürgermeister von Agel""","""select  ?o    {    <http://de.dbpedia.org/resource/Agel> <http://dbpedia.org/ontology/mayor>  ?o .    }""","""http://de.dbpedia.org/resource/Camille_Calas""","""null""","""NPP""","""single"""
"""http://localhost:8080#Bürgermeister_von_1_354888""","""welche Person ist  Bürgermeister von Agel?""","""select  ?o    {    <http://de.dbpedia.org/resource/Agel> <http://dbpedia.org/ontology/mayor>  ?o .    }""","""http://de.dbpedia.org/resource/Camille_Calas""","""null""","""NPP""","""single"""
"""http://localhost:8080#Bürgermeister_von_1_354889""","""welche Person war  Bürgermeister von Agel?""","""select  ?o    {    <http://de.dbpedia.org/resource/Agel> <http://dbpedia.org/ontology/mayor>  ?o .    }""","""http://de.dbpedia.org/resource/Camille_Calas""","""null""","""NPP""","""single"""
"""http://localhost:8080#Bürgermeister_von_1_354890""","""wer ist  Bürgermeister von Agel?""","""select  ?o    {    <http://de.dbpedia.org/resource/Agel> <http://dbpedia.org/ontology/mayor>  ?o .    }""","""http://de.dbpedia.org/resource/Camille_Calas""","""null""","""NPP""","""single"""
"""http://localhost:8080#Bürgermeister_von_1_354891""","""wer ist Agel s Bürgermeister?""","""select  ?o    {    <http://de.dbpedia.org/resource/Agel> <http://dbpedia.org/ontology/mayor>  ?o .    }""","""http://de.dbpedia.org/resource/Camille_Calas""","""null""","""NPP""","""single"""
"""http://localhost:8080#Bürgermeister_von_1_354892""","""wer war  Bürgermeister von Agel?""","""select  ?o    {    <http://de.dbpedia.org/resource/Agel> <http://dbpedia.org/ontology/mayor>  ?o .    }""","""http://de.dbpedia.org/resource/Camille_Calas""","""null""","""NPP""","""single"""
"""http://localhost:8080#Bürgermeister_von_1_354893""","""Personen sind  Bürgermeister von Albi?""","""select  ?o    {    <http://de.dbpedia.org/resource/Albi> <http://dbpedia.org/ontology/mayor>  ?o .    }""","""http://de.dbpedia.org/resource/Philippe_Bonnecarrère""","""null""","""NPP""","""single"""
"""http://localhost:8080#Bürgermeister_von_1_354894""","""Personen waren  Bürgermeister von Albi?""","""select  ?o    {    <http://de.dbpedia.org/resource/Albi> <http://dbpedia.org/ontology/mayor>  ?o .    }""","""http://de.dbpedia.org/resource/Philippe_Bonnecarrère""","""null""","""NPP""","""single"""
"""http://localhost:8080#Bürgermeister_von_1_354895""","""Gib mir  Bürgermeister von Albi""","""select  ?o    {    <http://de.dbpedia.org/resource/Albi> <http://dbpedia.org/ontology/mayor>  ?o .    }""","""http://de.dbpedia.org/resource/Philippe_Bonnecarrère""","""null""","""NPP""","""single"""
"""http://localhost:8080#Bürgermeister_von_1_354896""","""welche Person ist  Bürgermeister von Albi?""","""select  ?o    {    <http://de.dbpedia.org/resource/Albi> <http://dbpedia.org/ontology/mayor>  ?o .    }""","""http://de.dbpedia.org/resource/Philippe_Bonnecarrère""","""null""","""NPP""","""single"""
"""http://localhost:8080#Bürgermeister_von_1_354897""","""welche Person war  Bürgermeister von Albi?""","""select  ?o    {    <http://de.dbpedia.org/resource/Albi> <http://dbpedia.org/ontology/mayor>  ?o .    }""","""http://de.dbpedia.org/resource/Philippe_Bonnecarrère""","""null""","""NPP""","""single"""
"""http://localhost:8080#Bürgermeister_von_1_354898""","""wer ist  Bürgermeister von Albi?""","""select  ?o    {    <http://de.dbpedia.org/resource/Albi> <http://dbpedia.org/ontology/mayor>  ?o .    }""","""http://de.dbpedia.org/resource/Philippe_Bonnecarrère""","""null""","""NPP""","""single"""
"""http://localhost:8080#Bürgermeister_von_1_354899""","""wer ist Albi s Bürgermeister?""","""select  ?o    {    <http://de.dbpedia.org/resource/Albi> <http://dbpedia.org/ontology/mayor>  ?o .    }""","""http://de.dbpedia.org/resource/Philippe_Bonnecarrère""","""null""","""NPP""","""single"""
"""http://localhost:8080#Bürgermeister_von_1_354900""","""wer war  Bürgermeister von Albi?""","""select  ?o    {    <http://de.dbpedia.org/resource/Albi> <http://dbpedia.org/ontology/mayor>  ?o .    }""","""http://de.dbpedia.org/resource/Philippe_Bonnecarrère""","""null""","""NPP""","""single"""
"""http://localhost:8080#Bürgermeister_von_1_354901""","""Personen sind  Bürgermeister von Andrest?""","""select  ?o    {    <http://de.dbpedia.org/resource/Andrest> <http://dbpedia.org/ontology/mayor>  ?o .    }""","""http://de.dbpedia.org/resource/Anne-Marie_Saint-Martin""","""null""","""NPP""","""single"""
"""http://localhost:8080#Bürgermeister_von_1_354902""","""Personen waren  Bürgermeister von Andrest?""","""select  ?o    {    <http://de.dbpedia.org/resource/Andrest> <http://dbpedia.org/ontology/mayor>  ?o .    }""","""http://de.dbpedia.org/resource/Anne-Marie_Saint-Martin""","""null""","""NPP""","""single"""
"""http://localhost:8080#Bürgermeister_von_1_354903""","""Gib mir  Bürgermeister von Andrest""","""select  ?o    {    <http://de.dbpedia.org/resource/Andrest> <http://dbpedia.org/ontology/mayor>  ?o .    }""","""http://de.dbpedia.org/resource/Anne-Marie_Saint-Martin""","""null""","""NPP""","""single"""
"""http://localhost:8080#Bürgermeister_von_1_354904""","""welche Person ist  Bürgermeister von Andrest?""","""select  ?o    {    <http://de.dbpedia.org/resource/Andrest> <http://dbpedia.org/ontology/mayor>  ?o .    }""","""http://de.dbpedia.org/resource/Anne-Marie_Saint-Martin""","""null""","""NPP""","""single"""
"""http://localhost:8080#Bürgermeister_von_1_354905""","""welche Person war  Bürgermeister von Andrest?""","""select  ?o    {    <http://de.dbpedia.org/resource/Andrest> <http://dbpedia.org/ontology/mayor>  ?o .    }""","""http://de.dbpedia.org/resource/Anne-Marie_Saint-Martin""","""null""","""NPP""","""single"""
"""http://localhost:8080#Bürgermeister_von_1_354906""","""wer ist  Bürgermeister von Andrest?""","""select  ?o    {    <http://de.dbpedia.org/resource/Andrest> <http://dbpedia.org/ontology/mayor>  ?o .    }""","""http://de.dbpedia.org/resource/Anne-Marie_Saint-Martin""","""null""","""NPP""","""single"""
"""http://localhost:8080#Bürgermeister_von_1_354907""","""wer ist Andrest s Bürgermeister?""","""select  ?o    {    <http://de.dbpedia.org/resource/Andrest> <http://dbpedia.org/ontology/mayor>  ?o .    }""","""http://de.dbpedia.org/resource/Anne-Marie_Saint-Martin""","""null""","""NPP""","""single"""
"""http://localhost:8080#Bürgermeister_von_1_354908""","""wer war  Bürgermeister von Andrest?""","""select  ?o    {    <http://de.dbpedia.org/resource/Andrest> <http://dbpedia.org/ontology/mayor>  ?o .    }""","""http://de.dbpedia.org/resource/Anne-Marie_Saint-Martin""","""null""","""NPP""","""single"""
"""http://localhost:8080#Bürgermeister_von_1_354909""","""Personen sind  Bürgermeister von Bagnères-de-Bigorre?""","""select  ?o    {    <http://de.dbpedia.org/resource/Bagnères-de-Bigorre> <http://dbpedia.org/ontology/mayor>  ?o .    }""","""http://de.dbpedia.org/resource/Rolland_Castells""","""null""","""NPP""","""single"""
"""http://localhost:8080#Bürgermeister_von_1_354910""","""Personen waren  Bürgermeister von Bagnères-de-Bigorre?""","""select  ?o    {    <http://de.dbpedia.org/resource/Bagnères-de-Bigorre> <http://dbpedia.org/ontology/mayor>  ?o .    }""","""http://de.dbpedia.org/resource/Rolland_Castells""","""null""","""NPP""","""single"""
"""http://localhost:8080#Bürgermeister_von_1_354911""","""Gib mir  Bürgermeister von Bagnères-de-Bigorre""","""select  ?o    {    <http://de.dbpedia.org/resource/Bagnères-de-Bigorre> <http://dbpedia.org/ontology/mayor>  ?o .    }""","""http://de.dbpedia.org/resource/Rolland_Castells""","""null""","""NPP""","""single"""
"""http://localhost:8080#Bürgermeister_von_1_354912""","""welche Person ist  Bürgermeister von Bagnères-de-Bigorre?""","""select  ?o    {    <http://de.dbpedia.org/resource/Bagnères-de-Bigorre> <http://dbpedia.org/ontology/mayor>  ?o .    }""","""http://de.dbpedia.org/resource/Rolland_Castells""","""null""","""NPP""","""single"""
"""http://localhost:8080#Bürgermeister_von_1_354913""","""welche Person war  Bürgermeister von Bagnères-de-Bigorre?""","""select  ?o    {    <http://de.dbpedia.org/resource/Bagnères-de-Bigorre> <http://dbpedia.org/ontology/mayor>  ?o .    }""","""http://de.dbpedia.org/resource/Rolland_Castells""","""null""","""NPP""","""single"""
"""http://localhost:8080#Bürgermeister_von_1_354914""","""wer ist  Bürgermeister von Bagnères-de-Bigorre?""","""select  ?o    {    <http://de.dbpedia.org/resource/Bagnères-de-Bigorre> <http://dbpedia.org/ontology/mayor>  ?o .    }""","""http://de.dbpedia.org/resource/Rolland_Castells""","""null""","""NPP""","""single"""
"""http://localhost:8080#Bürgermeister_von_1_354915""","""wer ist Bagnères-de-Bigorre s Bürgermeister?""","""select  ?o    {    <http://de.dbpedia.org/resource/Bagnères-de-Bigorre> <http://dbpedia.org/ontology/mayor>  ?o .    }""","""http://de.dbpedia.org/resource/Rolland_Castells""","""null""","""NPP""","""single"""
"""http://localhost:8080#Bürgermeister_von_1_354916""","""wer war  Bürgermeister von Bagnères-de-Bigorre?""","""select  ?o    {    <http://de.dbpedia.org/resource/Bagnères-de-Bigorre> <http://dbpedia.org/ontology/mayor>  ?o .    }""","""http://de.dbpedia.org/resource/Rolland_Castells""","""null""","""NPP""","""single"""
"""http://localhost:8080#Bürgermeister_von_1_354917""","""Personen sind  Bürgermeister von Barbazan-Debat?""","""select  ?o    {    <http://de.dbpedia.org/resource/Barbazan-Debat> <http://dbpedia.org/ontology/mayor>  ?o .    }""","""http://de.dbpedia.org/resource/Jean-Christian_Pédeboy""","""null""","""NPP""","""single"""
"""http://localhost:8080#Bürgermeister_von_1_354918""","""Personen waren  Bürgermeister von Barbazan-Debat?""","""select  ?o    {    <http://de.dbpedia.org/resource/Barbazan-Debat> <http://dbpedia.org/ontology/mayor>  ?o .    }""","""http://de.dbpedia.org/resource/Jean-Christian_Pédeboy""","""null""","""NPP""","""single"""
"""http://localhost:8080#Bürgermeister_von_1_354919""","""Gib mir  Bürgermeister von Barbazan-Debat""","""select  ?o    {    <http://de.dbpedia.org/resource/Barbazan-Debat> <http://dbpedia.org/ontology/mayor>  ?o .    }""","""http://de.dbpedia.org/resource/Jean-Christian_Pédeboy""","""null""","""NPP""","""single"""
"""http://localhost:8080#Bürgermeister_von_1_354920""","""welche Person ist  Bürgermeister von Barbazan-Debat?""","""select  ?o    {    <http://de.dbpedia.org/resource/Barbazan-Debat> <http://dbpedia.org/ontology/mayor>  ?o .    }""","""http://de.dbpedia.org/resource/Jean-Christian_Pédeboy""","""null""","""NPP""","""single"""
"""http://localhost:8080#Bürgermeister_von_1_354921""","""welche Person war  Bürgermeister von Barbazan-Debat?""","""select  ?o    {    <http://de.dbpedia.org/resource/Barbazan-Debat> <http://dbpedia.org/ontology/mayor>  ?o .    }""","""http://de.dbpedia.org/resource/Jean-Christian_Pédeboy""","""null""","""NPP""","""single"""
"""http://localhost:8080#Bürgermeister_von_1_354922""","""wer ist  Bürgermeister von Barbazan-Debat?""","""select  ?o    {    <http://de.dbpedia.org/resource/Barbazan-Debat> <http://dbpedia.org/ontology/mayor>  ?o .    }""","""http://de.dbpedia.org/resource/Jean-Christian_Pédeboy""","""null""","""NPP""","""single"""
"""http://localhost:8080#Bürgermeister_von_1_354923""","""wer ist Barbazan-Debat s Bürgermeister?""","""select  ?o    {    <http://de.dbpedia.org/resource/Barbazan-Debat> <http://dbpedia.org/ontology/mayor>  ?o .    }""","""http://de.dbpedia.org/resource/Jean-Christian_Pédeboy""","""null""","""NPP""","""single"""
"""http://localhost:8080#Bürgermeister_von_1_354924""","""wer war  Bürgermeister von Barbazan-Debat?""","""select  ?o    {    <http://de.dbpedia.org/resource/Barbazan-Debat> <http://dbpedia.org/ontology/mayor>  ?o .    }""","""http://de.dbpedia.org/resource/Jean-Christian_Pédeboy""","""null""","""NPP""","""single"""
"""http://localhost:8080#Bürgermeister_von_1_354925""","""Personen sind  Bürgermeister von Bonrepos-Riquet?""","""select  ?o    {    <http://de.dbpedia.org/resource/Bonrepos-Riquet> <http://dbpedia.org/ontology/mayor>  ?o .    }""","""http://de.dbpedia.org/resource/Jean-Paul_Maronèse""","""null""","""NPP""","""single"""
"""http://localhost:8080#Bürgermeister_von_1_354926""","""Personen waren  Bürgermeister von Bonrepos-Riquet?""","""select  ?o    {    <http://de.dbpedia.org/resource/Bonrepos-Riquet> <http://dbpedia.org/ontology/mayor>  ?o .    }""","""http://de.dbpedia.org/resource/Jean-Paul_Maronèse""","""null""","""NPP""","""single"""
"""http://localhost:8080#Bürgermeister_von_1_354927""","""Gib mir  Bürgermeister von Bonrepos-Riquet""","""select  ?o    {    <http://de.dbpedia.org/resource/Bonrepos-Riquet> <http://dbpedia.org/ontology/mayor>  ?o .    }""","""http://de.dbpedia.org/resource/Jean-Paul_Maronèse""","""null""","""NPP""","""single"""
"""http://localhost:8080#Bürgermeister_von_1_354928""","""welche Person ist  Bürgermeister von Bonrepos-Riquet?""","""select  ?o    {    <http://de.dbpedia.org/resource/Bonrepos-Riquet> <http://dbpedia.org/ontology/mayor>  ?o .    }""","""http://de.dbpedia.org/resource/Jean-Paul_Maronèse""","""null""","""NPP""","""single"""
"""http://localhost:8080#Bürgermeister_von_1_354929""","""welche Person war  Bürgermeister von Bonrepos-Riquet?""","""select  ?o    {    <http://de.dbpedia.org/resource/Bonrepos-Riquet> <http://dbpedia.org/ontology/mayor>  ?o .    }""","""http://de.dbpedia.org/resource/Jean-Paul_Maronèse""","""null""","""NPP""","""single"""
"""http://localhost:8080#Bürgermeister_von_1_354930""","""wer ist  Bürgermeister von Bonrepos-Riquet?""","""select  ?o    {    <http://de.dbpedia.org/resource/Bonrepos-Riquet> <http://dbpedia.org/ontology/mayor>  ?o .    }""","""http://de.dbpedia.org/resource/Jean-Paul_Maronèse""","""null""","""NPP""","""single"""
"""http://localhost:8080#Bürgermeister_von_1_354931""","""wer ist Bonrepos-Riquet s Bürgermeister?""","""select  ?o    {    <http://de.dbpedia.org/resource/Bonrepos-Riquet> <http://dbpedia.org/ontology/mayor>  ?o .    }""","""http://de.dbpedia.org/resource/Jean-Paul_Maronèse""","""null""","""NPP""","""single"""
"""http://localhost:8080#Bürgermeister_von_1_354932""","""wer war  Bürgermeister von Bonrepos-Riquet?""","""select  ?o    {    <http://de.dbpedia.org/resource/Bonrepos-Riquet> <http://dbpedia.org/ontology/mayor>  ?o .    }""","""http://de.dbpedia.org/resource/Jean-Paul_Maronèse""","""null""","""NPP""","""single"""
"""http://localhost:8080#Bürgermeister_von_1_354933""","""Personen sind  Bürgermeister von Bordeaux?""","""select  ?o    {    <http://de.dbpedia.org/resource/Bordeaux> <http://dbpedia.org/ontology/mayor>  ?o .    }""","""http://de.dbpedia.org/resource/Alain_Juppé""","""Alain Juppé""","""NPP""","""single"""
"""http://localhost:8080#Bürgermeister_von_1_354934""","""Personen waren  Bürgermeister von Bordeaux?""","""select  ?o    {    <http://de.dbpedia.org/resource/Bordeaux> <http://dbpedia.org/ontology/mayor>  ?o .    }""","""http://de.dbpedia.org/resource/Alain_Juppé""","""Alain Juppé""","""NPP""","""single"""
"""http://localhost:8080#Bürgermeister_von_1_354935""","""Gib mir  Bürgermeister von Bordeaux""","""select  ?o    {    <http://de.dbpedia.org/resource/Bordeaux> <http://dbpedia.org/ontology/mayor>  ?o .    }""","""http://de.dbpedia.org/resource/Alain_Juppé""","""Alain Juppé""","""NPP""","""single"""
"""http://localhost:8080#Bürgermeister_von_1_354936""","""welche Person ist  Bürgermeister von Bordeaux?""","""select  ?o    {    <http://de.dbpedia.org/resource/Bordeaux> <http://dbpedia.org/ontology/mayor>  ?o .    }""","""http://de.dbpedia.org/resource/Alain_Juppé""","""Alain Juppé""","""NPP""","""single"""
"""http://localhost:8080#Bürgermeister_von_1_354937""","""welche Person war  Bürgermeister von Bordeaux?""","""select  ?o    {    <http://de.dbpedia.org/resource/Bordeaux> <http://dbpedia.org/ontology/mayor>  ?o .    }""","""http://de.dbpedia.org/resource/Alain_Juppé""","""Alain Juppé""","""NPP""","""single"""
"""http://localhost:8080#Bürgermeister_von_1_354938""","""wer ist  Bürgermeister von Bordeaux?""","""select  ?o    {    <http://de.dbpedia.org/resource/Bordeaux> <http://dbpedia.org/ontology/mayor>  ?o .    }""","""http://de.dbpedia.org/resource/Alain_Juppé""","""Alain Juppé""","""NPP""","""single"""
"""http://localhost:8080#Bürgermeister_von_1_354939""","""wer ist Bordeaux s Bürgermeister?""","""select  ?o    {    <http://de.dbpedia.org/resource/Bordeaux> <http://dbpedia.org/ontology/mayor>  ?o .    }""","""http://de.dbpedia.org/resource/Alain_Juppé""","""Alain Juppé""","""NPP""","""single"""
"""http://localhost:8080#Bürgermeister_von_1_354940""","""wer war  Bürgermeister von Bordeaux?""","""select  ?o    {    <http://de.dbpedia.org/resource/Bordeaux> <http://dbpedia.org/ontology/mayor>  ?o .    }""","""http://de.dbpedia.org/resource/Alain_Juppé""","""Alain Juppé""","""NPP""","""single"""
"""http://localhost:8080#Bürgermeister_von_1_354941""","""Personen sind  Bürgermeister von Bordères-sur-l’Échez?""","""select  ?o    {    <http://de.dbpedia.org/resource/Bordères-sur-l’Échez> <http://dbpedia.org/ontology/mayor>  ?o .    }""","""http://de.dbpedia.org/resource/Christian_Paul""","""null""","""NPP""","""single"""
"""http://localhost:8080#Bürgermeister_von_1_354942""","""Personen waren  Bürgermeister von Bordères-sur-l’Échez?""","""select  ?o    {    <http://de.dbpedia.org/resource/Bordères-sur-l’Échez> <http://dbpedia.org/ontology/mayor>  ?o .    }""","""http://de.dbpedia.org/resource/Christian_Paul""","""null""","""NPP""","""single"""
"""http://localhost:8080#Bürgermeister_von_1_354943""","""Gib mir  Bürgermeister von Bordères-sur-l’Échez""","""select  ?o    {    <http://de.dbpedia.org/resource/Bordères-sur-l’Échez> <http://dbpedia.org/ontology/mayor>  ?o .    }""","""http://de.dbpedia.org/resource/Christian_Paul""","""null""","""NPP""","""single"""
"""http://localhost:8080#Bürgermeister_von_1_354944""","""welche Person ist  Bürgermeister von Bordères-sur-l’Échez?""","""select  ?o    {    <http://de.dbpedia.org/resource/Bordères-sur-l’Échez> <http://dbpedia.org/ontology/mayor>  ?o .    }""","""http://de.dbpedia.org/resource/Christian_Paul""","""null""","""NPP""","""single"""
"""http://localhost:8080#Bürgermeister_von_1_354945""","""welche Person war  Bürgermeister von Bordères-sur-l’Échez?""","""select  ?o    {    <http://de.dbpedia.org/resource/Bordères-sur-l’Échez> <http://dbpedia.org/ontology/mayor>  ?o .    }""","""http://de.dbpedia.org/resource/Christian_Paul""","""null""","""NPP""","""single"""
"""http://localhost:8080#Bürgermeister_von_1_354946""","""wer ist  Bürgermeister von Bordères-sur-l’Échez?""","""select  ?o    {    <http://de.dbpedia.org/resource/Bordères-sur-l’Échez> <http://dbpedia.org/ontology/mayor>  ?o .    }""","""http://de.dbpedia.org/resource/Christian_Paul""","""null""","""NPP""","""single"""
"""http://localhost:8080#Bürgermeister_von_1_354947""","""wer ist Bordères-sur-l’Échez s Bürgermeister?""","""select  ?o    {    <http://de.dbpedia.org/resource/Bordères-sur-l’Échez> <http://dbpedia.org/ontology/mayor>  ?o .    }""","""http://de.dbpedia.org/resource/Christian_Paul""","""null""","""NPP""","""single"""
"""http://localhost:8080#Bürgermeister_von_1_354948""","""wer war  Bürgermeister von Bordères-sur-l’Échez?""","""select  ?o    {    <http://de.dbpedia.org/resource/Bordères-sur-l’Échez> <http://dbpedia.org/ontology/mayor>  ?o .    }""","""http://de.dbpedia.org/resource/Christian_Paul""","""null""","""NPP""","""single"""
"""http://localhost:8080#Bürgermeister_von_1_354949""","""Personen sind  Bürgermeister von Brive-la-Gaillarde?""","""select  ?o    {    <http://de.dbpedia.org/resource/Brive-la-Gaillarde> <http://dbpedia.org/ontology/mayor>  ?o .    }""","""http://de.dbpedia.org/resource/Philippe_Nauche""","""Philippe Nauche""","""NPP""","""single"""
"""http://localhost:8080#Bürgermeister_von_1_354950""","""Personen waren  Bürgermeister von Brive-la-Gaillarde?""","""select  ?o    {    <http://de.dbpedia.org/resource/Brive-la-Gaillarde> <http://dbpedia.org/ontology/mayor>  ?o .    }""","""http://de.dbpedia.org/resource/Philippe_Nauche""","""Philippe Nauche""","""NPP""","""single"""
"""http://localhost:8080#Bürgermeister_von_1_354951""","""Gib mir  Bürgermeister von Brive-la-Gaillarde""","""select  ?o    {    <http://de.dbpedia.org/resource/Brive-la-Gaillarde> <http://dbpedia.org/ontology/mayor>  ?o .    }""","""http://de.dbpedia.org/resource/Philippe_Nauche""","""Philippe Nauche""","""NPP""","""single"""
"""http://localhost:8080#Bürgermeister_von_1_354952""","""welche Person ist  Bürgermeister von Brive-la-Gaillarde?""","""select  ?o    {    <http://de.dbpedia.org/resource/Brive-la-Gaillarde> <http://dbpedia.org/ontology/mayor>  ?o .    }""","""http://de.dbpedia.org/resource/Philippe_Nauche""","""Philippe Nauche""","""NPP""","""single"""
"""http://localhost:8080#Bürgermeister_von_1_354953""","""welche Person war  Bürgermeister von Brive-la-Gaillarde?""","""select  ?o    {    <http://de.dbpedia.org/resource/Brive-la-Gaillarde> <http://dbpedia.org/ontology/mayor>  ?o .    }""","""http://de.dbpedia.org/resource/Philippe_Nauche""","""Philippe Nauche""","""NPP""","""single"""
"""http://localhost:8080#Bürgermeister_von_1_354954""","""wer ist  Bürgermeister von Brive-la-Gaillarde?""","""select  ?o    {    <http://de.dbpedia.org/resource/Brive-la-Gaillarde> <http://dbpedia.org/ontology/mayor>  ?o .    }""","""http://de.dbpedia.org/resource/Philippe_Nauche""","""Philippe Nauche""","""NPP""","""single"""
"""http://localhost:8080#Bürgermeister_von_1_354955""","""wer ist Brive-la-Gaillarde s Bürgermeister?""","""select  ?o    {    <http://de.dbpedia.org/resource/Brive-la-Gaillarde> <http://dbpedia.org/ontology/mayor>  ?o .    }""","""http://de.dbpedia.org/resource/Philippe_Nauche""","""Philippe Nauche""","""NPP""","""single"""
"""http://localhost:8080#Bürgermeister_von_1_354956""","""wer war  Bürgermeister von Brive-la-Gaillarde?""","""select  ?o    {    <http://de.dbpedia.org/resource/Brive-la-Gaillarde> <http://dbpedia.org/ontology/mayor>  ?o .    }""","""http://de.dbpedia.org/resource/Philippe_Nauche""","""Philippe Nauche""","""NPP""","""single"""
"""http://localhost:8080#Bürgermeister_von_1_354957""","""Personen sind  Bürgermeister von Béziers?""","""select  ?o    {    <http://de.dbpedia.org/resource/Béziers> <http://dbpedia.org/ontology/mayor>  ?o .    }""","""http://de.dbpedia.org/resource/Raymond_Couderc""","""null""","""NPP""","""single"""
"""http://localhost:8080#Bürgermeister_von_1_354958""","""Personen waren  Bürgermeister von Béziers?""","""select  ?o    {    <http://de.dbpedia.org/resource/Béziers> <http://dbpedia.org/ontology/mayor>  ?o .    }""","""http://de.dbpedia.org/resource/Raymond_Couderc""","""null""","""NPP""","""single"""
"""http://localhost:8080#Bürgermeister_von_1_354959""","""Gib mir  Bürgermeister von Béziers""","""select  ?o    {    <http://de.dbpedia.org/resource/Béziers> <http://dbpedia.org/ontology/mayor>  ?o .    }""","""http://de.dbpedia.org/resource/Raymond_Couderc""","""null""","""NPP""","""single"""
"""http://localhost:8080#Bürgermeister_von_1_354960""","""welche Person ist  Bürgermeister von Béziers?""","""select  ?o    {    <http://de.dbpedia.org/resource/Béziers> <http://dbpedia.org/ontology/mayor>  ?o .    }""","""http://de.dbpedia.org/resource/Raymond_Couderc""","""null""","""NPP""","""single"""
"""http://localhost:8080#Bürgermeister_von_1_354961""","""welche Person war  Bürgermeister von Béziers?""","""select  ?o    {    <http://de.dbpedia.org/resource/Béziers> <http://dbpedia.org/ontology/mayor>  ?o .    }""","""http://de.dbpedia.org/resource/Raymond_Couderc""","""null""","""NPP""","""single"""
"""http://localhost:8080#Bürgermeister_von_1_354962""","""wer ist  Bürgermeister von Béziers?""","""select  ?o    {    <http://de.dbpedia.org/resource/Béziers> <http://dbpedia.org/ontology/mayor>  ?o .    }""","""http://de.dbpedia.org/resource/Raymond_Couderc""","""null""","""NPP""","""single"""
"""http://localhost:8080#Bürgermeister_von_1_354963""","""wer ist Béziers s Bürgermeister?""","""select  ?o    {    <http://de.dbpedia.org/resource/Béziers> <http://dbpedia.org/ontology/mayor>  ?o .    }""","""http://de.dbpedia.org/resource/Raymond_Couderc""","""null""","""NPP""","""single"""
"""http://localhost:8080#Bürgermeister_von_1_354964""","""wer war  Bürgermeister von Béziers?""","""select  ?o    {    <http://de.dbpedia.org/resource/Béziers> <http://dbpedia.org/ontology/mayor>  ?o .    }""","""http://de.dbpedia.org/resource/Raymond_Couderc""","""null""","""NPP""","""single"""
"""http://localhost:8080#Bürgermeister_von_1_354965""","""Personen sind  Bürgermeister von Cayenne?""","""select  ?o    {    <http://de.dbpedia.org/resource/Cayenne> <http://dbpedia.org/ontology/mayor>  ?o .    }""","""http://de.dbpedia.org/resource/Jean-Claude_Lafontaine""","""null""","""NPP""","""single"""
"""http://localhost:8080#Bürgermeister_von_1_354966""","""Personen waren  Bürgermeister von Cayenne?""","""select  ?o    {    <http://de.dbpedia.org/resource/Cayenne> <http://dbpedia.org/ontology/mayor>  ?o .    }""","""http://de.dbpedia.org/resource/Jean-Claude_Lafontaine""","""null""","""NPP""","""single"""
"""http://localhost:8080#Bürgermeister_von_1_354967""","""Gib mir  Bürgermeister von Cayenne""","""select  ?o    {    <http://de.dbpedia.org/resource/Cayenne> <http://dbpedia.org/ontology/mayor>  ?o .    }""","""http://de.dbpedia.org/resource/Jean-Claude_Lafontaine""","""null""","""NPP""","""single"""
"""http://localhost:8080#Bürgermeister_von_1_354968""","""welche Person ist  Bürgermeister von Cayenne?""","""select  ?o    {    <http://de.dbpedia.org/resource/Cayenne> <http://dbpedia.org/ontology/mayor>  ?o .    }""","""http://de.dbpedia.org/resource/Jean-Claude_Lafontaine""","""null""","""NPP""","""single"""
"""http://localhost:8080#Bürgermeister_von_1_354969""","""welche Person war  Bürgermeister von Cayenne?""","""select  ?o    {    <http://de.dbpedia.org/resource/Cayenne> <http://dbpedia.org/ontology/mayor>  ?o .    }""","""http://de.dbpedia.org/resource/Jean-Claude_Lafontaine""","""null""","""NPP""","""single"""
"""http://localhost:8080#Bürgermeister_von_1_354970""","""wer ist  Bürgermeister von Cayenne?""","""select  ?o    {    <http://de.dbpedia.org/resource/Cayenne> <http://dbpedia.org/ontology/mayor>  ?o .    }""","""http://de.dbpedia.org/resource/Jean-Claude_Lafontaine""","""null""","""NPP""","""single"""
"""http://localhost:8080#Bürgermeister_von_1_354971""","""wer ist Cayenne s Bürgermeister?""","""select  ?o    {    <http://de.dbpedia.org/resource/Cayenne> <http://dbpedia.org/ontology/mayor>  ?o .    }""","""http://de.dbpedia.org/resource/Jean-Claude_Lafontaine""","""null""","""NPP""","""single"""
"""http://localhost:8080#Bürgermeister_von_1_354972""","""wer war  Bürgermeister von Cayenne?""","""select  ?o    {    <http://de.dbpedia.org/resource/Cayenne> <http://dbpedia.org/ontology/mayor>  ?o .    }""","""http://de.dbpedia.org/resource/Jean-Claude_Lafontaine""","""null""","""NPP""","""single"""
"""http://localhost:8080#Bürgermeister_von_1_354973""","""Personen sind  Bürgermeister von Clermont-Ferrand?""","""select  ?o    {    <http://de.dbpedia.org/resource/Clermont-Ferrand> <http://dbpedia.org/ontology/mayor>  ?o .    }""","""http://de.dbpedia.org/resource/Serge_Godard""","""null""","""NPP""","""single"""
"""http://localhost:8080#Bürgermeister_von_1_354974""","""Personen waren  Bürgermeister von Clermont-Ferrand?""","""select  ?o    {    <http://de.dbpedia.org/resource/Clermont-Ferrand> <http://dbpedia.org/ontology/mayor>  ?o .    }""","""http://de.dbpedia.org/resource/Serge_Godard""","""null""","""NPP""","""single"""
"""http://localhost:8080#Bürgermeister_von_1_354975""","""Gib mir  Bürgermeister von Clermont-Ferrand""","""select  ?o    {    <http://de.dbpedia.org/resource/Clermont-Ferrand> <http://dbpedia.org/ontology/mayor>  ?o .    }""","""http://de.dbpedia.org/resource/Serge_Godard""","""null""","""NPP""","""single"""
"""http://localhost:8080#Bürgermeister_von_1_354976""","""welche Person ist  Bürgermeister von Clermont-Ferrand?""","""select  ?o    {    <http://de.dbpedia.org/resource/Clermont-Ferrand> <http://dbpedia.org/ontology/mayor>  ?o .    }""","""http://de.dbpedia.org/resource/Serge_Godard""","""null""","""NPP""","""single"""
"""http://localhost:8080#Bürgermeister_von_1_354977""","""welche Person war  Bürgermeister von Clermont-Ferrand?""","""select  ?o    {    <http://de.dbpedia.org/resource/Clermont-Ferrand> <http://dbpedia.org/ontology/mayor>  ?o .    }""","""http://de.dbpedia.org/resource/Serge_Godard""","""null""","""NPP""","""single"""
"""http://localhost:8080#Bürgermeister_von_1_354978""","""wer ist  Bürgermeister von Clermont-Ferrand?""","""select  ?o    {    <http://de.dbpedia.org/resource/Clermont-Ferrand> <http://dbpedia.org/ontology/mayor>  ?o .    }""","""http://de.dbpedia.org/resource/Serge_Godard""","""null""","""NPP""","""single"""
"""http://localhost:8080#Bürgermeister_von_1_354979""","""wer ist Clermont-Ferrand s Bürgermeister?""","""select  ?o    {    <http://de.dbpedia.org/resource/Clermont-Ferrand> <http://dbpedia.org/ontology/mayor>  ?o .    }""","""http://de.dbpedia.org/resource/Serge_Godard""","""null""","""NPP""","""single"""
"""http://localhost:8080#Bürgermeister_von_1_354980""","""wer war  Bürgermeister von Clermont-Ferrand?""","""select  ?o    {    <http://de.dbpedia.org/resource/Clermont-Ferrand> <http://dbpedia.org/ontology/mayor>  ?o .    }""","""http://de.dbpedia.org/resource/Serge_Godard""","""null""","""NPP""","""single"""
"""http://localhost:8080#Bürgermeister_von_1_354981""","""Personen sind  Bürgermeister von Dijon?""","""select  ?o    {    <http://de.dbpedia.org/resource/Dijon> <http://dbpedia.org/ontology/mayor>  ?o .    }""","""http://de.dbpedia.org/resource/François_Rebsamen""","""François Rebsamen""","""NPP""","""single"""
"""http://localhost:8080#Bürgermeister_von_1_354982""","""Personen waren  Bürgermeister von Dijon?""","""select  ?o    {    <http://de.dbpedia.org/resource/Dijon> <http://dbpedia.org/ontology/mayor>  ?o .    }""","""http://de.dbpedia.org/resource/François_Rebsamen""","""François Rebsamen""","""NPP""","""single"""
"""http://localhost:8080#Bürgermeister_von_1_354983""","""Gib mir  Bürgermeister von Dijon""","""select  ?o    {    <http://de.dbpedia.org/resource/Dijon> <http://dbpedia.org/ontology/mayor>  ?o .    }""","""http://de.dbpedia.org/resource/François_Rebsamen""","""François Rebsamen""","""NPP""","""single"""
"""http://localhost:8080#Bürgermeister_von_1_354984""","""welche Person ist  Bürgermeister von Dijon?""","""select  ?o    {    <http://de.dbpedia.org/resource/Dijon> <http://dbpedia.org/ontology/mayor>  ?o .    }""","""http://de.dbpedia.org/resource/François_Rebsamen""","""François Rebsamen""","""NPP""","""single"""
"""http://localhost:8080#Bürgermeister_von_1_354985""","""welche Person war  Bürgermeister von Dijon?""","""select  ?o    {    <http://de.dbpedia.org/resource/Dijon> <http://dbpedia.org/ontology/mayor>  ?o .    }""","""http://de.dbpedia.org/resource/François_Rebsamen""","""François Rebsamen""","""NPP""","""single"""
"""http://localhost:8080#Bürgermeister_von_1_354986""","""wer ist  Bürgermeister von Dijon?""","""select  ?o    {    <http://de.dbpedia.org/resource/Dijon> <http://dbpedia.org/ontology/mayor>  ?o .    }""","""http://de.dbpedia.org/resource/François_Rebsamen""","""François Rebsamen""","""NPP""","""single"""
"""http://localhost:8080#Bürgermeister_von_1_354987""","""wer ist Dijon s Bürgermeister?""","""select  ?o    {    <http://de.dbpedia.org/resource/Dijon> <http://dbpedia.org/ontology/mayor>  ?o .    }""","""http://de.dbpedia.org/resource/François_Rebsamen""","""François Rebsamen""","""NPP""","""single"""
"""http://localhost:8080#Bürgermeister_von_1_354988""","""wer war  Bürgermeister von Dijon?""","""select  ?o    {    <http://de.dbpedia.org/resource/Dijon> <http://dbpedia.org/ontology/mayor>  ?o .    }""","""http://de.dbpedia.org/resource/François_Rebsamen""","""François Rebsamen""","""NPP""","""single"""
"""http://localhost:8080#Bürgermeister_von_1_354989""","""Personen sind  Bürgermeister von Gavarnie?""","""select  ?o    {    <http://de.dbpedia.org/resource/Gavarnie> <http://dbpedia.org/ontology/mayor>  ?o .    }""","""http://de.dbpedia.org/resource/M.Bruzeau""","""null""","""NPP""","""single"""
"""http://localhost:8080#Bürgermeister_von_1_354990""","""Personen waren  Bürgermeister von Gavarnie?""","""select  ?o    {    <http://de.dbpedia.org/resource/Gavarnie> <http://dbpedia.org/ontology/mayor>  ?o .    }""","""http://de.dbpedia.org/resource/M.Bruzeau""","""null""","""NPP""","""single"""
"""http://localhost:8080#Bürgermeister_von_1_354991""","""Gib mir  Bürgermeister von Gavarnie""","""select  ?o    {    <http://de.dbpedia.org/resource/Gavarnie> <http://dbpedia.org/ontology/mayor>  ?o .    }""","""http://de.dbpedia.org/resource/M.Bruzeau""","""null""","""NPP""","""single"""
"""http://localhost:8080#Bürgermeister_von_1_354992""","""welche Person ist  Bürgermeister von Gavarnie?""","""select  ?o    {    <http://de.dbpedia.org/resource/Gavarnie> <http://dbpedia.org/ontology/mayor>  ?o .    }""","""http://de.dbpedia.org/resource/M.Bruzeau""","""null""","""NPP""","""single"""
"""http://localhost:8080#Bürgermeister_von_1_354993""","""welche Person war  Bürgermeister von Gavarnie?""","""select  ?o    {    <http://de.dbpedia.org/resource/Gavarnie> <http://dbpedia.org/ontology/mayor>  ?o .    }""","""http://de.dbpedia.org/resource/M.Bruzeau""","""null""","""NPP""","""single"""
"""http://localhost:8080#Bürgermeister_von_1_354994""","""wer ist  Bürgermeister von Gavarnie?""","""select  ?o    {    <http://de.dbpedia.org/resource/Gavarnie> <http://dbpedia.org/ontology/mayor>  ?o .    }""","""http://de.dbpedia.org/resource/M.Bruzeau""","""null""","""NPP""","""single"""
"""http://localhost:8080#Bürgermeister_von_1_354995""","""wer ist Gavarnie s Bürgermeister?""","""select  ?o    {    <http://de.dbpedia.org/resource/Gavarnie> <http://dbpedia.org/ontology/mayor>  ?o .    }""","""http://de.dbpedia.org/resource/M.Bruzeau""","""null""","""NPP""","""single"""
"""http://localhost:8080#Bürgermeister_von_1_354996""","""wer war  Bürgermeister von Gavarnie?""","""select  ?o    {    <http://de.dbpedia.org/resource/Gavarnie> <http://dbpedia.org/ontology/mayor>  ?o .    }""","""http://de.dbpedia.org/resource/M.Bruzeau""","""null""","""NPP""","""single"""
"""http://localhost:8080#Bürgermeister_von_1_354997""","""Personen sind  Bürgermeister von Ibos?""","""select  ?o    {    <http://de.dbpedia.org/resource/Ibos> <http://dbpedia.org/ontology/mayor>  ?o .    }""","""http://de.dbpedia.org/resource/Denis_Fégné""","""null""","""NPP""","""single"""
"""http://localhost:8080#Bürgermeister_von_1_354998""","""Personen waren  Bürgermeister von Ibos?""","""select  ?o    {    <http://de.dbpedia.org/resource/Ibos> <http://dbpedia.org/ontology/mayor>  ?o .    }""","""http://de.dbpedia.org/resource/Denis_Fégné""","""null""","""NPP""","""single"""
"""http://localhost:8080#Bürgermeister_von_1_354999""","""Gib mir  Bürgermeister von Ibos""","""select  ?o    {    <http://de.dbpedia.org/resource/Ibos> <http://dbpedia.org/ontology/mayor>  ?o .    }""","""http://de.dbpedia.org/resource/Denis_Fégné""","""null""","""NPP""","""single"""
"""http://localhost:8080#Bürgermeister_von_1_355000""","""welche Person ist  Bürgermeister von Ibos?""","""select  ?o    {    <http://de.dbpedia.org/resource/Ibos> <http://dbpedia.org/ontology/mayor>  ?o .    }""","""http://de.dbpedia.org/resource/Denis_Fégné""","""null""","""NPP""","""single"""
"""http://localhost:8080#Bürgermeister_von_1_355001""","""welche Person war  Bürgermeister von Ibos?""","""select  ?o    {    <http://de.dbpedia.org/resource/Ibos> <http://dbpedia.org/ontology/mayor>  ?o .    }""","""http://de.dbpedia.org/resource/Denis_Fégné""","""null""","""NPP""","""single"""
"""http://localhost:8080#Bürgermeister_von_1_355002""","""wer ist  Bürgermeister von Ibos?""","""select  ?o    {    <http://de.dbpedia.org/resource/Ibos> <http://dbpedia.org/ontology/mayor>  ?o .    }""","""http://de.dbpedia.org/resource/Denis_Fégné""","""null""","""NPP""","""single"""
"""http://localhost:8080#Bürgermeister_von_1_355003""","""wer ist Ibos s Bürgermeister?""","""select  ?o    {    <http://de.dbpedia.org/resource/Ibos> <http://dbpedia.org/ontology/mayor>  ?o .    }""","""http://de.dbpedia.org/resource/Denis_Fégné""","""null""","""NPP""","""single"""
"""http://localhost:8080#Bürgermeister_von_1_355004""","""wer war  Bürgermeister von Ibos?""","""select  ?o    {    <http://de.dbpedia.org/resource/Ibos> <http://dbpedia.org/ontology/mayor>  ?o .    }""","""http://de.dbpedia.org/resource/Denis_Fégné""","""null""","""NPP""","""single"""
"""http://localhost:8080#Bürgermeister_von_1_355005""","""Personen sind  Bürgermeister von Juillan?""","""select  ?o    {    <http://de.dbpedia.org/resource/Juillan> <http://dbpedia.org/ontology/mayor>  ?o .    }""","""http://de.dbpedia.org/resource/Robert_Vignes""","""null""","""NPP""","""single"""
"""http://localhost:8080#Bürgermeister_von_1_355006""","""Personen waren  Bürgermeister von Juillan?""","""select  ?o    {    <http://de.dbpedia.org/resource/Juillan> <http://dbpedia.org/ontology/mayor>  ?o .    }""","""http://de.dbpedia.org/resource/Robert_Vignes""","""null""","""NPP""","""single"""
"""http://localhost:8080#Bürgermeister_von_1_355007""","""Gib mir  Bürgermeister von Juillan""","""select  ?o    {    <http://de.dbpedia.org/resource/Juillan> <http://dbpedia.org/ontology/mayor>  ?o .    }""","""http://de.dbpedia.org/resource/Robert_Vignes""","""null""","""NPP""","""single"""
"""http://localhost:8080#Bürgermeister_von_1_355008""","""welche Person ist  Bürgermeister von Juillan?""","""select  ?o    {    <http://de.dbpedia.org/resource/Juillan> <http://dbpedia.org/ontology/mayor>  ?o .    }""","""http://de.dbpedia.org/resource/Robert_Vignes""","""null""","""NPP""","""single"""
"""http://localhost:8080#Bürgermeister_von_1_355009""","""welche Person war  Bürgermeister von Juillan?""","""select  ?o    {    <http://de.dbpedia.org/resource/Juillan> <http://dbpedia.org/ontology/mayor>  ?o .    }""","""http://de.dbpedia.org/resource/Robert_Vignes""","""null""","""NPP""","""single"""
"""http://localhost:8080#Bürgermeister_von_1_355010""","""wer ist  Bürgermeister von Juillan?""","""select  ?o    {    <http://de.dbpedia.org/resource/Juillan> <http://dbpedia.org/ontology/mayor>  ?o .    }""","""http://de.dbpedia.org/resource/Robert_Vignes""","""null""","""NPP""","""single"""
"""http://localhost:8080#Bürgermeister_von_1_355011""","""wer ist Juillan s Bürgermeister?""","""select  ?o    {    <http://de.dbpedia.org/resource/Juillan> <http://dbpedia.org/ontology/mayor>  ?o .    }""","""http://de.dbpedia.org/resource/Robert_Vignes""","""null""","""NPP""","""single"""
"""http://localhost:8080#Bürgermeister_von_1_355012""","""wer war  Bürgermeister von Juillan?""","""select  ?o    {    <http://de.dbpedia.org/resource/Juillan> <http://dbpedia.org/ontology/mayor>  ?o .    }""","""http://de.dbpedia.org/resource/Robert_Vignes""","""null""","""NPP""","""single"""
"""http://localhost:8080#Bürgermeister_von_1_355013""","""Personen sind  Bürgermeister von Laloubère?""","""select  ?o    {    <http://de.dbpedia.org/resource/Laloubère> <http://dbpedia.org/ontology/mayor>  ?o .    }""","""http://de.dbpedia.org/resource/Patrick_Vignes""","""null""","""NPP""","""single"""
"""http://localhost:8080#Bürgermeister_von_1_355014""","""Personen waren  Bürgermeister von Laloubère?""","""select  ?o    {    <http://de.dbpedia.org/resource/Laloubère> <http://dbpedia.org/ontology/mayor>  ?o .    }""","""http://de.dbpedia.org/resource/Patrick_Vignes""","""null""","""NPP""","""single"""
"""http://localhost:8080#Bürgermeister_von_1_355015""","""Gib mir  Bürgermeister von Laloubère""","""select  ?o    {    <http://de.dbpedia.org/resource/Laloubère> <http://dbpedia.org/ontology/mayor>  ?o .    }""","""http://de.dbpedia.org/resource/Patrick_Vignes""","""null""","""NPP""","""single"""
"""http://localhost:8080#Bürgermeister_von_1_355016""","""welche Person ist  Bürgermeister von Laloubère?""","""select  ?o    {    <http://de.dbpedia.org/resource/Laloubère> <http://dbpedia.org/ontology/mayor>  ?o .    }""","""http://de.dbpedia.org/resource/Patrick_Vignes""","""null""","""NPP""","""single"""
"""http://localhost:8080#Bürgermeister_von_1_355017""","""welche Person war  Bürgermeister von Laloubère?""","""select  ?o    {    <http://de.dbpedia.org/resource/Laloubère> <http://dbpedia.org/ontology/mayor>  ?o .    }""","""http://de.dbpedia.org/resource/Patrick_Vignes""","""null""","""NPP""","""single"""
"""http://localhost:8080#Bürgermeister_von_1_355018""","""wer ist  Bürgermeister von Laloubère?""","""select  ?o    {    <http://de.dbpedia.org/resource/Laloubère> <http://dbpedia.org/ontology/mayor>  ?o .    }""","""http://de.dbpedia.org/resource/Patrick_Vignes""","""null""","""NPP""","""single"""
"""http://localhost:8080#Bürgermeister_von_1_355019""","""wer ist Laloubère s Bürgermeister?""","""select  ?o    {    <http://de.dbpedia.org/resource/Laloubère> <http://dbpedia.org/ontology/mayor>  ?o .    }""","""http://de.dbpedia.org/resource/Patrick_Vignes""","""null""","""NPP""","""single"""
"""http://localhost:8080#Bürgermeister_von_1_355020""","""wer war  Bürgermeister von Laloubère?""","""select  ?o    {    <http://de.dbpedia.org/resource/Laloubère> <http://dbpedia.org/ontology/mayor>  ?o .    }""","""http://de.dbpedia.org/resource/Patrick_Vignes""","""null""","""NPP""","""single"""
"""http://localhost:8080#Bürgermeister_von_1_355021""","""Personen sind  Bürgermeister von Le Creusot?""","""select  ?o    {    <http://de.dbpedia.org/resource/Le_Creusot> <http://dbpedia.org/ontology/mayor>  ?o .    }""","""http://de.dbpedia.org/resource/André_Billardon""","""null""","""NPP""","""single"""
"""http://localhost:8080#Bürgermeister_von_1_355022""","""Personen waren  Bürgermeister von Le Creusot?""","""select  ?o    {    <http://de.dbpedia.org/resource/Le_Creusot> <http://dbpedia.org/ontology/mayor>  ?o .    }""","""http://de.dbpedia.org/resource/André_Billardon""","""null""","""NPP""","""single"""
"""http://localhost:8080#Bürgermeister_von_1_355023""","""Gib mir  Bürgermeister von Le Creusot""","""select  ?o    {    <http://de.dbpedia.org/resource/Le_Creusot> <http://dbpedia.org/ontology/mayor>  ?o .    }""","""http://de.dbpedia.org/resource/André_Billardon""","""null""","""NPP""","""single"""
"""http://localhost:8080#Bürgermeister_von_1_355024""","""welche Person ist  Bürgermeister von Le Creusot?""","""select  ?o    {    <http://de.dbpedia.org/resource/Le_Creusot> <http://dbpedia.org/ontology/mayor>  ?o .    }""","""http://de.dbpedia.org/resource/André_Billardon""","""null""","""NPP""","""single"""
"""http://localhost:8080#Bürgermeister_von_1_355025""","""welche Person war  Bürgermeister von Le Creusot?""","""select  ?o    {    <http://de.dbpedia.org/resource/Le_Creusot> <http://dbpedia.org/ontology/mayor>  ?o .    }""","""http://de.dbpedia.org/resource/André_Billardon""","""null""","""NPP""","""single"""
"""http://localhost:8080#Bürgermeister_von_1_355026""","""wer ist  Bürgermeister von Le Creusot?""","""select  ?o    {    <http://de.dbpedia.org/resource/Le_Creusot> <http://dbpedia.org/ontology/mayor>  ?o .    }""","""http://de.dbpedia.org/resource/André_Billardon""","""null""","""NPP""","""single"""
"""http://localhost:8080#Bürgermeister_von_1_355027""","""wer ist Le Creusot s Bürgermeister?""","""select  ?o    {    <http://de.dbpedia.org/resource/Le_Creusot> <http://dbpedia.org/ontology/mayor>  ?o .    }""","""http://de.dbpedia.org/resource/André_Billardon""","""null""","""NPP""","""single"""
"""http://localhost:8080#Bürgermeister_von_1_355028""","""wer war  Bürgermeister von Le Creusot?""","""select  ?o    {    <http://de.dbpedia.org/resource/Le_Creusot> <http://dbpedia.org/ontology/mayor>  ?o .    }""","""http://de.dbpedia.org/resource/André_Billardon""","""null""","""NPP""","""single"""
"""http://localhost:8080#Bürgermeister_von_1_355029""","""Personen sind  Bürgermeister von Lupiac?""","""select  ?o    {    <http://de.dbpedia.org/resource/Lupiac> <http://dbpedia.org/ontology/mayor>  ?o .    }""","""http://de.dbpedia.org/resource/Yves_Rispat""","""null""","""NPP""","""single"""
"""http://localhost:8080#Bürgermeister_von_1_355030""","""Personen waren  Bürgermeister von Lupiac?""","""select  ?o    {    <http://de.dbpedia.org/resource/Lupiac> <http://dbpedia.org/ontology/mayor>  ?o .    }""","""http://de.dbpedia.org/resource/Yves_Rispat""","""null""","""NPP""","""single"""
"""http://localhost:8080#Bürgermeister_von_1_355031""","""Gib mir  Bürgermeister von Lupiac""","""select  ?o    {    <http://de.dbpedia.org/resource/Lupiac> <http://dbpedia.org/ontology/mayor>  ?o .    }""","""http://de.dbpedia.org/resource/Yves_Rispat""","""null""","""NPP""","""single"""
"""http://localhost:8080#Bürgermeister_von_1_355032""","""welche Person ist  Bürgermeister von Lupiac?""","""select  ?o    {    <http://de.dbpedia.org/resource/Lupiac> <http://dbpedia.org/ontology/mayor>  ?o .    }""","""http://de.dbpedia.org/resource/Yves_Rispat""","""null""","""NPP""","""single"""
"""http://localhost:8080#Bürgermeister_von_1_355033""","""welche Person war  Bürgermeister von Lupiac?""","""select  ?o    {    <http://de.dbpedia.org/resource/Lupiac> <http://dbpedia.org/ontology/mayor>  ?o .    }""","""http://de.dbpedia.org/resource/Yves_Rispat""","""null""","""NPP""","""single"""
"""http://localhost:8080#Bürgermeister_von_1_355034""","""wer ist  Bürgermeister von Lupiac?""","""select  ?o    {    <http://de.dbpedia.org/resource/Lupiac> <http://dbpedia.org/ontology/mayor>  ?o .    }""","""http://de.dbpedia.org/resource/Yves_Rispat""","""null""","""NPP""","""single"""
"""http://localhost:8080#Bürgermeister_von_1_355035""","""wer ist Lupiac s Bürgermeister?""","""select  ?o    {    <http://de.dbpedia.org/resource/Lupiac> <http://dbpedia.org/ontology/mayor>  ?o .    }""","""http://de.dbpedia.org/resource/Yves_Rispat""","""null""","""NPP""","""single"""
"""http://localhost:8080#Bürgermeister_von_1_355036""","""wer war  Bürgermeister von Lupiac?""","""select  ?o    {    <http://de.dbpedia.org/resource/Lupiac> <http://dbpedia.org/ontology/mayor>  ?o .    }""","""http://de.dbpedia.org/resource/Yves_Rispat""","""null""","""NPP""","""single"""
"""http://localhost:8080#Bürgermeister_von_1_355037""","""Personen sind  Bürgermeister von L’Haÿ-les-Roses?""","""select  ?o    {    <http://de.dbpedia.org/resource/L’Haÿ-les-Roses> <http://dbpedia.org/ontology/mayor>  ?o .    }""","""http://de.dbpedia.org/resource/Vincent_Jeanbrun""","""null""","""NPP""","""single"""
"""http://localhost:8080#Bürgermeister_von_1_355038""","""Personen waren  Bürgermeister von L’Haÿ-les-Roses?""","""select  ?o    {    <http://de.dbpedia.org/resource/L’Haÿ-les-Roses> <http://dbpedia.org/ontology/mayor>  ?o .    }""","""http://de.dbpedia.org/resource/Vincent_Jeanbrun""","""null""","""NPP""","""single"""
"""http://localhost:8080#Bürgermeister_von_1_355039""","""Gib mir  Bürgermeister von L’Haÿ-les-Roses""","""select  ?o    {    <http://de.dbpedia.org/resource/L’Haÿ-les-Roses> <http://dbpedia.org/ontology/mayor>  ?o .    }""","""http://de.dbpedia.org/resource/Vincent_Jeanbrun""","""null""","""NPP""","""single"""
"""http://localhost:8080#Bürgermeister_von_1_355040""","""welche Person ist  Bürgermeister von L’Haÿ-les-Roses?""","""select  ?o    {    <http://de.dbpedia.org/resource/L’Haÿ-les-Roses> <http://dbpedia.org/ontology/mayor>  ?o .    }""","""http://de.dbpedia.org/resource/Vincent_Jeanbrun""","""null""","""NPP""","""single"""
"""http://localhost:8080#Bürgermeister_von_1_355041""","""welche Person war  Bürgermeister von L’Haÿ-les-Roses?""","""select  ?o    {    <http://de.dbpedia.org/resource/L’Haÿ-les-Roses> <http://dbpedia.org/ontology/mayor>  ?o .    }""","""http://de.dbpedia.org/resource/Vincent_Jeanbrun""","""null""","""NPP""","""single"""
"""http://localhost:8080#Bürgermeister_von_1_355042""","""wer ist  Bürgermeister von L’Haÿ-les-Roses?""","""select  ?o    {    <http://de.dbpedia.org/resource/L’Haÿ-les-Roses> <http://dbpedia.org/ontology/mayor>  ?o .    }""","""http://de.dbpedia.org/resource/Vincent_Jeanbrun""","""null""","""NPP""","""single"""
"""http://localhost:8080#Bürgermeister_von_1_355043""","""wer ist L’Haÿ-les-Roses s Bürgermeister?""","""select  ?o    {    <http://de.dbpedia.org/resource/L’Haÿ-les-Roses> <http://dbpedia.org/ontology/mayor>  ?o .    }""","""http://de.dbpedia.org/resource/Vincent_Jeanbrun""","""null""","""NPP""","""single"""
"""http://localhost:8080#Bürgermeister_von_1_355044""","""wer war  Bürgermeister von L’Haÿ-les-Roses?""","""select  ?o    {    <http://de.dbpedia.org/resource/L’Haÿ-les-Roses> <http://dbpedia.org/ontology/mayor>  ?o .    }""","""http://de.dbpedia.org/resource/Vincent_Jeanbrun""","""null""","""NPP""","""single"""
"""http://localhost:8080#Bürgermeister_von_1_355045""","""Personen sind  Bürgermeister von Montech?""","""select  ?o    {    <http://de.dbpedia.org/resource/Montech> <http://dbpedia.org/ontology/mayor>  ?o .    }""","""http://de.dbpedia.org/resource/Robert_Lagrèze""","""null""","""NPP""","""single"""
"""http://localhost:8080#Bürgermeister_von_1_355046""","""Personen waren  Bürgermeister von Montech?""","""select  ?o    {    <http://de.dbpedia.org/resource/Montech> <http://dbpedia.org/ontology/mayor>  ?o .    }""","""http://de.dbpedia.org/resource/Robert_Lagrèze""","""null""","""NPP""","""single"""
"""http://localhost:8080#Bürgermeister_von_1_355047""","""Gib mir  Bürgermeister von Montech""","""select  ?o    {    <http://de.dbpedia.org/resource/Montech> <http://dbpedia.org/ontology/mayor>  ?o .    }""","""http://de.dbpedia.org/resource/Robert_Lagrèze""","""null""","""NPP""","""single"""
"""http://localhost:8080#Bürgermeister_von_1_355048""","""welche Person ist  Bürgermeister von Montech?""","""select  ?o    {    <http://de.dbpedia.org/resource/Montech> <http://dbpedia.org/ontology/mayor>  ?o .    }""","""http://de.dbpedia.org/resource/Robert_Lagrèze""","""null""","""NPP""","""single"""
"""http://localhost:8080#Bürgermeister_von_1_355049""","""welche Person war  Bürgermeister von Montech?""","""select  ?o    {    <http://de.dbpedia.org/resource/Montech> <http://dbpedia.org/ontology/mayor>  ?o .    }""","""http://de.dbpedia.org/resource/Robert_Lagrèze""","""null""","""NPP""","""single"""
"""http://localhost:8080#Bürgermeister_von_1_355050""","""wer ist  Bürgermeister von Montech?""","""select  ?o    {    <http://de.dbpedia.org/resource/Montech> <http://dbpedia.org/ontology/mayor>  ?o .    }""","""http://de.dbpedia.org/resource/Robert_Lagrèze""","""null""","""NPP""","""single"""
"""http://localhost:8080#Bürgermeister_von_1_355051""","""wer ist Montech s Bürgermeister?""","""select  ?o    {    <http://de.dbpedia.org/resource/Montech> <http://dbpedia.org/ontology/mayor>  ?o .    }""","""http://de.dbpedia.org/resource/Robert_Lagrèze""","""null""","""NPP""","""single"""
"""http://localhost:8080#Bürgermeister_von_1_355052""","""wer war  Bürgermeister von Montech?""","""select  ?o    {    <http://de.dbpedia.org/resource/Montech> <http://dbpedia.org/ontology/mayor>  ?o .    }""","""http://de.dbpedia.org/resource/Robert_Lagrèze""","""null""","""NPP""","""single"""
"""http://localhost:8080#Bürgermeister_von_1_355053""","""Personen sind  Bürgermeister von Ossun?""","""select  ?o    {    <http://de.dbpedia.org/resource/Ossun> <http://dbpedia.org/ontology/mayor>  ?o .    }""","""http://de.dbpedia.org/resource/Charles_Barreat""","""null""","""NPP""","""single"""
"""http://localhost:8080#Bürgermeister_von_1_355054""","""Personen waren  Bürgermeister von Ossun?""","""select  ?o    {    <http://de.dbpedia.org/resource/Ossun> <http://dbpedia.org/ontology/mayor>  ?o .    }""","""http://de.dbpedia.org/resource/Charles_Barreat""","""null""","""NPP""","""single"""
"""http://localhost:8080#Bürgermeister_von_1_355055""","""Gib mir  Bürgermeister von Ossun""","""select  ?o    {    <http://de.dbpedia.org/resource/Ossun> <http://dbpedia.org/ontology/mayor>  ?o .    }""","""http://de.dbpedia.org/resource/Charles_Barreat""","""null""","""NPP""","""single"""
"""http://localhost:8080#Bürgermeister_von_1_355056""","""welche Person ist  Bürgermeister von Ossun?""","""select  ?o    {    <http://de.dbpedia.org/resource/Ossun> <http://dbpedia.org/ontology/mayor>  ?o .    }""","""http://de.dbpedia.org/resource/Charles_Barreat""","""null""","""NPP""","""single"""
"""http://localhost:8080#Bürgermeister_von_1_355057""","""welche Person war  Bürgermeister von Ossun?""","""select  ?o    {    <http://de.dbpedia.org/resource/Ossun> <http://dbpedia.org/ontology/mayor>  ?o .    }""","""http://de.dbpedia.org/resource/Charles_Barreat""","""null""","""NPP""","""single"""
"""http://localhost:8080#Bürgermeister_von_1_355058""","""wer ist  Bürgermeister von Ossun?""","""select  ?o    {    <http://de.dbpedia.org/resource/Ossun> <http://dbpedia.org/ontology/mayor>  ?o .    }""","""http://de.dbpedia.org/resource/Charles_Barreat""","""null""","""NPP""","""single"""
"""http://localhost:8080#Bürgermeister_von_1_355059""","""wer ist Ossun s Bürgermeister?""","""select  ?o    {    <http://de.dbpedia.org/resource/Ossun> <http://dbpedia.org/ontology/mayor>  ?o .    }""","""http://de.dbpedia.org/resource/Charles_Barreat""","""null""","""NPP""","""single"""
"""http://localhost:8080#Bürgermeister_von_1_355060""","""wer war  Bürgermeister von Ossun?""","""select  ?o    {    <http://de.dbpedia.org/resource/Ossun> <http://dbpedia.org/ontology/mayor>  ?o .    }""","""http://de.dbpedia.org/resource/Charles_Barreat""","""null""","""NPP""","""single"""
"""http://localhost:8080#Bürgermeister_von_1_355061""","""Personen sind  Bürgermeister von Oursbelille?""","""select  ?o    {    <http://de.dbpedia.org/resource/Oursbelille> <http://dbpedia.org/ontology/mayor>  ?o .    }""","""http://de.dbpedia.org/resource/Henri_Fatta""","""null""","""NPP""","""single"""
"""http://localhost:8080#Bürgermeister_von_1_355062""","""Personen waren  Bürgermeister von Oursbelille?""","""select  ?o    {    <http://de.dbpedia.org/resource/Oursbelille> <http://dbpedia.org/ontology/mayor>  ?o .    }""","""http://de.dbpedia.org/resource/Henri_Fatta""","""null""","""NPP""","""single"""
"""http://localhost:8080#Bürgermeister_von_1_355063""","""Gib mir  Bürgermeister von Oursbelille""","""select  ?o    {    <http://de.dbpedia.org/resource/Oursbelille> <http://dbpedia.org/ontology/mayor>  ?o .    }""","""http://de.dbpedia.org/resource/Henri_Fatta""","""null""","""NPP""","""single"""
"""http://localhost:8080#Bürgermeister_von_1_355064""","""welche Person ist  Bürgermeister von Oursbelille?""","""select  ?o    {    <http://de.dbpedia.org/resource/Oursbelille> <http://dbpedia.org/ontology/mayor>  ?o .    }""","""http://de.dbpedia.org/resource/Henri_Fatta""","""null""","""NPP""","""single"""
"""http://localhost:8080#Bürgermeister_von_1_355065""","""welche Person war  Bürgermeister von Oursbelille?""","""select  ?o    {    <http://de.dbpedia.org/resource/Oursbelille> <http://dbpedia.org/ontology/mayor>  ?o .    }""","""http://de.dbpedia.org/resource/Henri_Fatta""","""null""","""NPP""","""single"""
"""http://localhost:8080#Bürgermeister_von_1_355066""","""wer ist  Bürgermeister von Oursbelille?""","""select  ?o    {    <http://de.dbpedia.org/resource/Oursbelille> <http://dbpedia.org/ontology/mayor>  ?o .    }""","""http://de.dbpedia.org/resource/Henri_Fatta""","""null""","""NPP""","""single"""
"""http://localhost:8080#Bürgermeister_von_1_355067""","""wer ist Oursbelille s Bürgermeister?""","""select  ?o    {    <http://de.dbpedia.org/resource/Oursbelille> <http://dbpedia.org/ontology/mayor>  ?o .    }""","""http://de.dbpedia.org/resource/Henri_Fatta""","""null""","""NPP""","""single"""
"""http://localhost:8080#Bürgermeister_von_1_355068""","""wer war  Bürgermeister von Oursbelille?""","""select  ?o    {    <http://de.dbpedia.org/resource/Oursbelille> <http://dbpedia.org/ontology/mayor>  ?o .    }""","""http://de.dbpedia.org/resource/Henri_Fatta""","""null""","""NPP""","""single"""
"""http://localhost:8080#Bürgermeister_von_1_355069""","""Personen sind  Bürgermeister von Palaiseau?""","""select  ?o    {    <http://de.dbpedia.org/resource/Palaiseau> <http://dbpedia.org/ontology/mayor>  ?o .    }""","""http://de.dbpedia.org/resource/François_Lamy""","""François Lamy""","""NPP""","""single"""
"""http://localhost:8080#Bürgermeister_von_1_355070""","""Personen waren  Bürgermeister von Palaiseau?""","""select  ?o    {    <http://de.dbpedia.org/resource/Palaiseau> <http://dbpedia.org/ontology/mayor>  ?o .    }""","""http://de.dbpedia.org/resource/François_Lamy""","""François Lamy""","""NPP""","""single"""
"""http://localhost:8080#Bürgermeister_von_1_355071""","""Gib mir  Bürgermeister von Palaiseau""","""select  ?o    {    <http://de.dbpedia.org/resource/Palaiseau> <http://dbpedia.org/ontology/mayor>  ?o .    }""","""http://de.dbpedia.org/resource/François_Lamy""","""François Lamy""","""NPP""","""single"""
"""http://localhost:8080#Bürgermeister_von_1_355072""","""welche Person ist  Bürgermeister von Palaiseau?""","""select  ?o    {    <http://de.dbpedia.org/resource/Palaiseau> <http://dbpedia.org/ontology/mayor>  ?o .    }""","""http://de.dbpedia.org/resource/François_Lamy""","""François Lamy""","""NPP""","""single"""
"""http://localhost:8080#Bürgermeister_von_1_355073""","""welche Person war  Bürgermeister von Palaiseau?""","""select  ?o    {    <http://de.dbpedia.org/resource/Palaiseau> <http://dbpedia.org/ontology/mayor>  ?o .    }""","""http://de.dbpedia.org/resource/François_Lamy""","""François Lamy""","""NPP""","""single"""
"""http://localhost:8080#Bürgermeister_von_1_355074""","""wer ist  Bürgermeister von Palaiseau?""","""select  ?o    {    <http://de.dbpedia.org/resource/Palaiseau> <http://dbpedia.org/ontology/mayor>  ?o .    }""","""http://de.dbpedia.org/resource/François_Lamy""","""François Lamy""","""NPP""","""single"""
"""http://localhost:8080#Bürgermeister_von_1_355075""","""wer ist Palaiseau s Bürgermeister?""","""select  ?o    {    <http://de.dbpedia.org/resource/Palaiseau> <http://dbpedia.org/ontology/mayor>  ?o .    }""","""http://de.dbpedia.org/resource/François_Lamy""","""François Lamy""","""NPP""","""single"""
"""http://localhost:8080#Bürgermeister_von_1_355076""","""wer war  Bürgermeister von Palaiseau?""","""select  ?o    {    <http://de.dbpedia.org/resource/Palaiseau> <http://dbpedia.org/ontology/mayor>  ?o .    }""","""http://de.dbpedia.org/resource/François_Lamy""","""François Lamy""","""NPP""","""single"""
"""http://localhost:8080#Bürgermeister_von_1_355077""","""Personen sind  Bürgermeister von Paray-le-Monial?""","""select  ?o    {    <http://de.dbpedia.org/resource/Paray-le-Monial> <http://dbpedia.org/ontology/mayor>  ?o .    }""","""http://de.dbpedia.org/resource/Jean-Marc_Nesme""","""null""","""NPP""","""single"""
"""http://localhost:8080#Bürgermeister_von_1_355078""","""Personen waren  Bürgermeister von Paray-le-Monial?""","""select  ?o    {    <http://de.dbpedia.org/resource/Paray-le-Monial> <http://dbpedia.org/ontology/mayor>  ?o .    }""","""http://de.dbpedia.org/resource/Jean-Marc_Nesme""","""null""","""NPP""","""single"""
"""http://localhost:8080#Bürgermeister_von_1_355079""","""Gib mir  Bürgermeister von Paray-le-Monial""","""select  ?o    {    <http://de.dbpedia.org/resource/Paray-le-Monial> <http://dbpedia.org/ontology/mayor>  ?o .    }""","""http://de.dbpedia.org/resource/Jean-Marc_Nesme""","""null""","""NPP""","""single"""
"""http://localhost:8080#Bürgermeister_von_1_355080""","""welche Person ist  Bürgermeister von Paray-le-Monial?""","""select  ?o    {    <http://de.dbpedia.org/resource/Paray-le-Monial> <http://dbpedia.org/ontology/mayor>  ?o .    }""","""http://de.dbpedia.org/resource/Jean-Marc_Nesme""","""null""","""NPP""","""single"""
"""http://localhost:8080#Bürgermeister_von_1_355081""","""welche Person war  Bürgermeister von Paray-le-Monial?""","""select  ?o    {    <http://de.dbpedia.org/resource/Paray-le-Monial> <http://dbpedia.org/ontology/mayor>  ?o .    }""","""http://de.dbpedia.org/resource/Jean-Marc_Nesme""","""null""","""NPP""","""single"""
"""http://localhost:8080#Bürgermeister_von_1_355082""","""wer ist  Bürgermeister von Paray-le-Monial?""","""select  ?o    {    <http://de.dbpedia.org/resource/Paray-le-Monial> <http://dbpedia.org/ontology/mayor>  ?o .    }""","""http://de.dbpedia.org/resource/Jean-Marc_Nesme""","""null""","""NPP""","""single"""
"""http://localhost:8080#Bürgermeister_von_1_355083""","""wer ist Paray-le-Monial s Bürgermeister?""","""select  ?o    {    <http://de.dbpedia.org/resource/Paray-le-Monial> <http://dbpedia.org/ontology/mayor>  ?o .    }""","""http://de.dbpedia.org/resource/Jean-Marc_Nesme""","""null""","""NPP""","""single"""
"""http://localhost:8080#Bürgermeister_von_1_355084""","""wer war  Bürgermeister von Paray-le-Monial?""","""select  ?o    {    <http://de.dbpedia.org/resource/Paray-le-Monial> <http://dbpedia.org/ontology/mayor>  ?o .    }""","""http://de.dbpedia.org/resource/Jean-Marc_Nesme""","""null""","""NPP""","""single"""
"""http://localhost:8080#Bürgermeister_von_1_355085""","""Personen sind  Bürgermeister von Quincy-sous-Sénart?""","""select  ?o    {    <http://de.dbpedia.org/resource/Quincy-sous-Sénart> <http://dbpedia.org/ontology/mayor>  ?o .    }""","""http://de.dbpedia.org/resource/Daniel_Besse""","""null""","""NPP""","""single"""
"""http://localhost:8080#Bürgermeister_von_1_355086""","""Personen waren  Bürgermeister von Quincy-sous-Sénart?""","""select  ?o    {    <http://de.dbpedia.org/resource/Quincy-sous-Sénart> <http://dbpedia.org/ontology/mayor>  ?o .    }""","""http://de.dbpedia.org/resource/Daniel_Besse""","""null""","""NPP""","""single"""
"""http://localhost:8080#Bürgermeister_von_1_355087""","""Gib mir  Bürgermeister von Quincy-sous-Sénart""","""select  ?o    {    <http://de.dbpedia.org/resource/Quincy-sous-Sénart> <http://dbpedia.org/ontology/mayor>  ?o .    }""","""http://de.dbpedia.org/resource/Daniel_Besse""","""null""","""NPP""","""single"""
"""http://localhost:8080#Bürgermeister_von_1_355088""","""welche Person ist  Bürgermeister von Quincy-sous-Sénart?""","""select  ?o    {    <http://de.dbpedia.org/resource/Quincy-sous-Sénart> <http://dbpedia.org/ontology/mayor>  ?o .    }""","""http://de.dbpedia.org/resource/Daniel_Besse""","""null""","""NPP""","""single"""
"""http://localhost:8080#Bürgermeister_von_1_355089""","""welche Person war  Bürgermeister von Quincy-sous-Sénart?""","""select  ?o    {    <http://de.dbpedia.org/resource/Quincy-sous-Sénart> <http://dbpedia.org/ontology/mayor>  ?o .    }""","""http://de.dbpedia.org/resource/Daniel_Besse""","""null""","""NPP""","""single"""
"""http://localhost:8080#Bürgermeister_von_1_355090""","""wer ist  Bürgermeister von Quincy-sous-Sénart?""","""select  ?o    {    <http://de.dbpedia.org/resource/Quincy-sous-Sénart> <http://dbpedia.org/ontology/mayor>  ?o .    }""","""http://de.dbpedia.org/resource/Daniel_Besse""","""null""","""NPP""","""single"""
"""http://localhost:8080#Bürgermeister_von_1_355091""","""wer ist Quincy-sous-Sénart s Bürgermeister?""","""select  ?o    {    <http://de.dbpedia.org/resource/Quincy-sous-Sénart> <http://dbpedia.org/ontology/mayor>  ?o .    }""","""http://de.dbpedia.org/resource/Daniel_Besse""","""null""","""NPP""","""single"""
"""http://localhost:8080#Bürgermeister_von_1_355092""","""wer war  Bürgermeister von Quincy-sous-Sénart?""","""select  ?o    {    <http://de.dbpedia.org/resource/Quincy-sous-Sénart> <http://dbpedia.org/ontology/mayor>  ?o .    }""","""http://de.dbpedia.org/resource/Daniel_Besse""","""null""","""NPP""","""single"""
"""http://localhost:8080#Bürgermeister_von_1_355093""","""Personen sind  Bürgermeister von Saint-Malo?""","""select  ?o    {    <http://de.dbpedia.org/resource/Saint-Malo> <http://dbpedia.org/ontology/mayor>  ?o .    }""","""http://de.dbpedia.org/resource/René_Couanau""","""null""","""NPP""","""single"""
"""http://localhost:8080#Bürgermeister_von_1_355094""","""Personen waren  Bürgermeister von Saint-Malo?""","""select  ?o    {    <http://de.dbpedia.org/resource/Saint-Malo> <http://dbpedia.org/ontology/mayor>  ?o .    }""","""http://de.dbpedia.org/resource/René_Couanau""","""null""","""NPP""","""single"""
"""http://localhost:8080#Bürgermeister_von_1_355095""","""Gib mir  Bürgermeister von Saint-Malo""","""select  ?o    {    <http://de.dbpedia.org/resource/Saint-Malo> <http://dbpedia.org/ontology/mayor>  ?o .    }""","""http://de.dbpedia.org/resource/René_Couanau""","""null""","""NPP""","""single"""
"""http://localhost:8080#Bürgermeister_von_1_355096""","""welche Person ist  Bürgermeister von Saint-Malo?""","""select  ?o    {    <http://de.dbpedia.org/resource/Saint-Malo> <http://dbpedia.org/ontology/mayor>  ?o .    }""","""http://de.dbpedia.org/resource/René_Couanau""","""null""","""NPP""","""single"""
"""http://localhost:8080#Bürgermeister_von_1_355097""","""welche Person war  Bürgermeister von Saint-Malo?""","""select  ?o    {    <http://de.dbpedia.org/resource/Saint-Malo> <http://dbpedia.org/ontology/mayor>  ?o .    }""","""http://de.dbpedia.org/resource/René_Couanau""","""null""","""NPP""","""single"""
"""http://localhost:8080#Bürgermeister_von_1_355098""","""wer ist  Bürgermeister von Saint-Malo?""","""select  ?o    {    <http://de.dbpedia.org/resource/Saint-Malo> <http://dbpedia.org/ontology/mayor>  ?o .    }""","""http://de.dbpedia.org/resource/René_Couanau""","""null""","""NPP""","""single"""
"""http://localhost:8080#Bürgermeister_von_1_355099""","""wer ist Saint-Malo s Bürgermeister?""","""select  ?o    {    <http://de.dbpedia.org/resource/Saint-Malo> <http://dbpedia.org/ontology/mayor>  ?o .    }""","""http://de.dbpedia.org/resource/René_Couanau""","""null""","""NPP""","""single"""
"""http://localhost:8080#Bürgermeister_von_1_355100""","""wer war  Bürgermeister von Saint-Malo?""","""select  ?o    {    <http://de.dbpedia.org/resource/Saint-Malo> <http://dbpedia.org/ontology/mayor>  ?o .    }""","""http://de.dbpedia.org/resource/René_Couanau""","""null""","""NPP""","""single"""
"""http://localhost:8080#Bürgermeister_von_1_355101""","""Personen sind  Bürgermeister von Saint-Mandé?""","""select  ?o    {    <http://de.dbpedia.org/resource/Saint-Mandé> <http://dbpedia.org/ontology/mayor>  ?o .    }""","""http://de.dbpedia.org/resource/Marianne_d'Or""","""null""","""NPP""","""single"""
"""http://localhost:8080#Bürgermeister_von_1_355102""","""Personen waren  Bürgermeister von Saint-Mandé?""","""select  ?o    {    <http://de.dbpedia.org/resource/Saint-Mandé> <http://dbpedia.org/ontology/mayor>  ?o .    }""","""http://de.dbpedia.org/resource/Marianne_d'Or""","""null""","""NPP""","""single"""
"""http://localhost:8080#Bürgermeister_von_1_355103""","""Gib mir  Bürgermeister von Saint-Mandé""","""select  ?o    {    <http://de.dbpedia.org/resource/Saint-Mandé> <http://dbpedia.org/ontology/mayor>  ?o .    }""","""http://de.dbpedia.org/resource/Marianne_d'Or""","""null""","""NPP""","""single"""
"""http://localhost:8080#Bürgermeister_von_1_355104""","""welche Person ist  Bürgermeister von Saint-Mandé?""","""select  ?o    {    <http://de.dbpedia.org/resource/Saint-Mandé> <http://dbpedia.org/ontology/mayor>  ?o .    }""","""http://de.dbpedia.org/resource/Marianne_d'Or""","""null""","""NPP""","""single"""
"""http://localhost:8080#Bürgermeister_von_1_355105""","""welche Person war  Bürgermeister von Saint-Mandé?""","""select  ?o    {    <http://de.dbpedia.org/resource/Saint-Mandé> <http://dbpedia.org/ontology/mayor>  ?o .    }""","""http://de.dbpedia.org/resource/Marianne_d'Or""","""null""","""NPP""","""single"""
"""http://localhost:8080#Bürgermeister_von_1_355106""","""wer ist  Bürgermeister von Saint-Mandé?""","""select  ?o    {    <http://de.dbpedia.org/resource/Saint-Mandé> <http://dbpedia.org/ontology/mayor>  ?o .    }""","""http://de.dbpedia.org/resource/Marianne_d'Or""","""null""","""NPP""","""single"""
"""http://localhost:8080#Bürgermeister_von_1_355107""","""wer ist Saint-Mandé s Bürgermeister?""","""select  ?o    {    <http://de.dbpedia.org/resource/Saint-Mandé> <http://dbpedia.org/ontology/mayor>  ?o .    }""","""http://de.dbpedia.org/resource/Marianne_d'Or""","""null""","""NPP""","""single"""
"""http://localhost:8080#Bürgermeister_von_1_355108""","""wer war  Bürgermeister von Saint-Mandé?""","""select  ?o    {    <http://de.dbpedia.org/resource/Saint-Mandé> <http://dbpedia.org/ontology/mayor>  ?o .    }""","""http://de.dbpedia.org/resource/Marianne_d'Or""","""null""","""NPP""","""single"""
"""http://localhost:8080#Bürgermeister_von_1_355109""","""Personen sind  Bürgermeister von Soues Hautes-Pyrénées?""","""select  ?o    {    <http://de.dbpedia.org/resource/Soues_(Hautes-Pyrénées)> <http://dbpedia.org/ontology/mayor>  ?o .    }""","""http://de.dbpedia.org/resource/Roger_Lescoute""","""null""","""NPP""","""single"""
"""http://localhost:8080#Bürgermeister_von_1_355110""","""Personen waren  Bürgermeister von Soues Hautes-Pyrénées?""","""select  ?o    {    <http://de.dbpedia.org/resource/Soues_(Hautes-Pyrénées)> <http://dbpedia.org/ontology/mayor>  ?o .    }""","""http://de.dbpedia.org/resource/Roger_Lescoute""","""null""","""NPP""","""single"""
"""http://localhost:8080#Bürgermeister_von_1_355111""","""Gib mir  Bürgermeister von Soues Hautes-Pyrénées""","""select  ?o    {    <http://de.dbpedia.org/resource/Soues_(Hautes-Pyrénées)> <http://dbpedia.org/ontology/mayor>  ?o .    }""","""http://de.dbpedia.org/resource/Roger_Lescoute""","""null""","""NPP""","""single"""
"""http://localhost:8080#Bürgermeister_von_1_355112""","""welche Person ist  Bürgermeister von Soues Hautes-Pyrénées?""","""select  ?o    {    <http://de.dbpedia.org/resource/Soues_(Hautes-Pyrénées)> <http://dbpedia.org/ontology/mayor>  ?o .    }""","""http://de.dbpedia.org/resource/Roger_Lescoute""","""null""","""NPP""","""single"""
"""http://localhost:8080#Bürgermeister_von_1_355113""","""welche Person war  Bürgermeister von Soues Hautes-Pyrénées?""","""select  ?o    {    <http://de.dbpedia.org/resource/Soues_(Hautes-Pyrénées)> <http://dbpedia.org/ontology/mayor>  ?o .    }""","""http://de.dbpedia.org/resource/Roger_Lescoute""","""null""","""NPP""","""single"""
"""http://localhost:8080#Bürgermeister_von_1_355114""","""wer ist  Bürgermeister von Soues Hautes-Pyrénées?""","""select  ?o    {    <http://de.dbpedia.org/resource/Soues_(Hautes-Pyrénées)> <http://dbpedia.org/ontology/mayor>  ?o .    }""","""http://de.dbpedia.org/resource/Roger_Lescoute""","""null""","""NPP""","""single"""
"""http://localhost:8080#Bürgermeister_von_1_355115""","""wer ist Soues Hautes-Pyrénées s Bürgermeister?""","""select  ?o    {    <http://de.dbpedia.org/resource/Soues_(Hautes-Pyrénées)> <http://dbpedia.org/ontology/mayor>  ?o .    }""","""http://de.dbpedia.org/resource/Roger_Lescoute""","""null""","""NPP""","""single"""
"""http://localhost:8080#Bürgermeister_von_1_355116""","""wer war  Bürgermeister von Soues Hautes-Pyrénées?""","""select  ?o    {    <http://de.dbpedia.org/resource/Soues_(Hautes-Pyrénées)> <http://dbpedia.org/ontology/mayor>  ?o .    }""","""http://de.dbpedia.org/resource/Roger_Lescoute""","""null""","""NPP""","""single"""
"""http://localhost:8080#Bürgermeister_von_1_355117""","""Personen sind  Bürgermeister von Straßburg?""","""select  ?o    {    <http://de.dbpedia.org/resource/Straßburg> <http://dbpedia.org/ontology/mayor>  ?o .    }""","""http://de.dbpedia.org/resource/Roland_Ries_(Politiker)""","""Roland Ries (Politiker)""","""NPP""","""single"""
"""http://localhost:8080#Bürgermeister_von_1_355118""","""Personen waren  Bürgermeister von Straßburg?""","""select  ?o    {    <http://de.dbpedia.org/resource/Straßburg> <http://dbpedia.org/ontology/mayor>  ?o .    }""","""http://de.dbpedia.org/resource/Roland_Ries_(Politiker)""","""Roland Ries (Politiker)""","""NPP""","""single"""
"""http://localhost:8080#Bürgermeister_von_1_355119""","""Gib mir  Bürgermeister von Straßburg""","""select  ?o    {    <http://de.dbpedia.org/resource/Straßburg> <http://dbpedia.org/ontology/mayor>  ?o .    }""","""http://de.dbpedia.org/resource/Roland_Ries_(Politiker)""","""Roland Ries (Politiker)""","""NPP""","""single"""
"""http://localhost:8080#Bürgermeister_von_1_355120""","""welche Person ist  Bürgermeister von Straßburg?""","""select  ?o    {    <http://de.dbpedia.org/resource/Straßburg> <http://dbpedia.org/ontology/mayor>  ?o .    }""","""http://de.dbpedia.org/resource/Roland_Ries_(Politiker)""","""Roland Ries (Politiker)""","""NPP""","""single"""
"""http://localhost:8080#Bürgermeister_von_1_355121""","""welche Person war  Bürgermeister von Straßburg?""","""select  ?o    {    <http://de.dbpedia.org/resource/Straßburg> <http://dbpedia.org/ontology/mayor>  ?o .    }""","""http://de.dbpedia.org/resource/Roland_Ries_(Politiker)""","""Roland Ries (Politiker)""","""NPP""","""single"""
"""http://localhost:8080#Bürgermeister_von_1_355122""","""wer ist  Bürgermeister von Straßburg?""","""select  ?o    {    <http://de.dbpedia.org/resource/Straßburg> <http://dbpedia.org/ontology/mayor>  ?o .    }""","""http://de.dbpedia.org/resource/Roland_Ries_(Politiker)""","""Roland Ries (Politiker)""","""NPP""","""single"""
"""http://localhost:8080#Bürgermeister_von_1_355123""","""wer ist Straßburg s Bürgermeister?""","""select  ?o    {    <http://de.dbpedia.org/resource/Straßburg> <http://dbpedia.org/ontology/mayor>  ?o .    }""","""http://de.dbpedia.org/resource/Roland_Ries_(Politiker)""","""Roland Ries (Politiker)""","""NPP""","""single"""
"""http://localhost:8080#Bürgermeister_von_1_355124""","""wer war  Bürgermeister von Straßburg?""","""select  ?o    {    <http://de.dbpedia.org/resource/Straßburg> <http://dbpedia.org/ontology/mayor>  ?o .    }""","""http://de.dbpedia.org/resource/Roland_Ries_(Politiker)""","""Roland Ries (Politiker)""","""NPP""","""single"""
"""http://localhost:8080#Bürgermeister_von_1_355125""","""Personen sind  Bürgermeister von Séméac?""","""select  ?o    {    <http://de.dbpedia.org/resource/Séméac> <http://dbpedia.org/ontology/mayor>  ?o .    }""","""http://de.dbpedia.org/resource/Geneviève_Isson""","""null""","""NPP""","""single"""
"""http://localhost:8080#Bürgermeister_von_1_355126""","""Personen waren  Bürgermeister von Séméac?""","""select  ?o    {    <http://de.dbpedia.org/resource/Séméac> <http://dbpedia.org/ontology/mayor>  ?o .    }""","""http://de.dbpedia.org/resource/Geneviève_Isson""","""null""","""NPP""","""single"""
"""http://localhost:8080#Bürgermeister_von_1_355127""","""Gib mir  Bürgermeister von Séméac""","""select  ?o    {    <http://de.dbpedia.org/resource/Séméac> <http://dbpedia.org/ontology/mayor>  ?o .    }""","""http://de.dbpedia.org/resource/Geneviève_Isson""","""null""","""NPP""","""single"""
"""http://localhost:8080#Bürgermeister_von_1_355128""","""welche Person ist  Bürgermeister von Séméac?""","""select  ?o    {    <http://de.dbpedia.org/resource/Séméac> <http://dbpedia.org/ontology/mayor>  ?o .    }""","""http://de.dbpedia.org/resource/Geneviève_Isson""","""null""","""NPP""","""single"""
"""http://localhost:8080#Bürgermeister_von_1_355129""","""welche Person war  Bürgermeister von Séméac?""","""select  ?o    {    <http://de.dbpedia.org/resource/Séméac> <http://dbpedia.org/ontology/mayor>  ?o .    }""","""http://de.dbpedia.org/resource/Geneviève_Isson""","""null""","""NPP""","""single"""
"""http://localhost:8080#Bürgermeister_von_1_355130""","""wer ist  Bürgermeister von Séméac?""","""select  ?o    {    <http://de.dbpedia.org/resource/Séméac> <http://dbpedia.org/ontology/mayor>  ?o .    }""","""http://de.dbpedia.org/resource/Geneviève_Isson""","""null""","""NPP""","""single"""
"""http://localhost:8080#Bürgermeister_von_1_355131""","""wer ist Séméac s Bürgermeister?""","""select  ?o    {    <http://de.dbpedia.org/resource/Séméac> <http://dbpedia.org/ontology/mayor>  ?o .    }""","""http://de.dbpedia.org/resource/Geneviève_Isson""","""null""","""NPP""","""single"""
"""http://localhost:8080#Bürgermeister_von_1_355132""","""wer war  Bürgermeister von Séméac?""","""select  ?o    {    <http://de.dbpedia.org/resource/Séméac> <http://dbpedia.org/ontology/mayor>  ?o .    }""","""http://de.dbpedia.org/resource/Geneviève_Isson""","""null""","""NPP""","""single"""
"""http://localhost:8080#Bürgermeister_von_1_355133""","""Personen sind  Bürgermeister von Tarbes?""","""select  ?o    {    <http://de.dbpedia.org/resource/Tarbes> <http://dbpedia.org/ontology/mayor>  ?o .    }""","""http://de.dbpedia.org/resource/Gérard_Trémège""","""null""","""NPP""","""single"""
"""http://localhost:8080#Bürgermeister_von_1_355134""","""Personen waren  Bürgermeister von Tarbes?""","""select  ?o    {    <http://de.dbpedia.org/resource/Tarbes> <http://dbpedia.org/ontology/mayor>  ?o .    }""","""http://de.dbpedia.org/resource/Gérard_Trémège""","""null""","""NPP""","""single"""
"""http://localhost:8080#Bürgermeister_von_1_355135""","""Gib mir  Bürgermeister von Tarbes""","""select  ?o    {    <http://de.dbpedia.org/resource/Tarbes> <http://dbpedia.org/ontology/mayor>  ?o .    }""","""http://de.dbpedia.org/resource/Gérard_Trémège""","""null""","""NPP""","""single"""
"""http://localhost:8080#Bürgermeister_von_1_355136""","""welche Person ist  Bürgermeister von Tarbes?""","""select  ?o    {    <http://de.dbpedia.org/resource/Tarbes> <http://dbpedia.org/ontology/mayor>  ?o .    }""","""http://de.dbpedia.org/resource/Gérard_Trémège""","""null""","""NPP""","""single"""
"""http://localhost:8080#Bürgermeister_von_1_355137""","""welche Person war  Bürgermeister von Tarbes?""","""select  ?o    {    <http://de.dbpedia.org/resource/Tarbes> <http://dbpedia.org/ontology/mayor>  ?o .    }""","""http://de.dbpedia.org/resource/Gérard_Trémège""","""null""","""NPP""","""single"""
"""http://localhost:8080#Bürgermeister_von_1_355138""","""wer ist  Bürgermeister von Tarbes?""","""select  ?o    {    <http://de.dbpedia.org/resource/Tarbes> <http://dbpedia.org/ontology/mayor>  ?o .    }""","""http://de.dbpedia.org/resource/Gérard_Trémège""","""null""","""NPP""","""single"""
"""http://localhost:8080#Bürgermeister_von_1_355139""","""wer ist Tarbes s Bürgermeister?""","""select  ?o    {    <http://de.dbpedia.org/resource/Tarbes> <http://dbpedia.org/ontology/mayor>  ?o .    }""","""http://de.dbpedia.org/resource/Gérard_Trémège""","""null""","""NPP""","""single"""
"""http://localhost:8080#Bürgermeister_von_1_355140""","""wer war  Bürgermeister von Tarbes?""","""select  ?o    {    <http://de.dbpedia.org/resource/Tarbes> <http://dbpedia.org/ontology/mayor>  ?o .    }""","""http://de.dbpedia.org/resource/Gérard_Trémège""","""null""","""NPP""","""single"""
"""http://localhost:8080#Bürgermeister_von_1_355141""","""Personen sind  Bürgermeister von Tournay?""","""select  ?o    {    <http://de.dbpedia.org/resource/Tournay> <http://dbpedia.org/ontology/mayor>  ?o .    }""","""http://de.dbpedia.org/resource/Josette_Fourcade""","""null""","""NPP""","""single"""
"""http://localhost:8080#Bürgermeister_von_1_355142""","""Personen waren  Bürgermeister von Tournay?""","""select  ?o    {    <http://de.dbpedia.org/resource/Tournay> <http://dbpedia.org/ontology/mayor>  ?o .    }""","""http://de.dbpedia.org/resource/Josette_Fourcade""","""null""","""NPP""","""single"""
"""http://localhost:8080#Bürgermeister_von_1_355143""","""Gib mir  Bürgermeister von Tournay""","""select  ?o    {    <http://de.dbpedia.org/resource/Tournay> <http://dbpedia.org/ontology/mayor>  ?o .    }""","""http://de.dbpedia.org/resource/Josette_Fourcade""","""null""","""NPP""","""single"""
"""http://localhost:8080#Bürgermeister_von_1_355144""","""welche Person ist  Bürgermeister von Tournay?""","""select  ?o    {    <http://de.dbpedia.org/resource/Tournay> <http://dbpedia.org/ontology/mayor>  ?o .    }""","""http://de.dbpedia.org/resource/Josette_Fourcade""","""null""","""NPP""","""single"""
"""http://localhost:8080#Bürgermeister_von_1_355145""","""welche Person war  Bürgermeister von Tournay?""","""select  ?o    {    <http://de.dbpedia.org/resource/Tournay> <http://dbpedia.org/ontology/mayor>  ?o .    }""","""http://de.dbpedia.org/resource/Josette_Fourcade""","""null""","""NPP""","""single"""
"""http://localhost:8080#Bürgermeister_von_1_355146""","""wer ist  Bürgermeister von Tournay?""","""select  ?o    {    <http://de.dbpedia.org/resource/Tournay> <http://dbpedia.org/ontology/mayor>  ?o .    }""","""http://de.dbpedia.org/resource/Josette_Fourcade""","""null""","""NPP""","""single"""
"""http://localhost:8080#Bürgermeister_von_1_355147""","""wer ist Tournay s Bürgermeister?""","""select  ?o    {    <http://de.dbpedia.org/resource/Tournay> <http://dbpedia.org/ontology/mayor>  ?o .    }""","""http://de.dbpedia.org/resource/Josette_Fourcade""","""null""","""NPP""","""single"""
"""http://localhost:8080#Bürgermeister_von_1_355148""","""wer war  Bürgermeister von Tournay?""","""select  ?o    {    <http://de.dbpedia.org/resource/Tournay> <http://dbpedia.org/ontology/mayor>  ?o .    }""","""http://de.dbpedia.org/resource/Josette_Fourcade""","""null""","""NPP""","""single"""
"""http://localhost:8080#Bürgermeister_von_1_355149""","""Personen sind  Bürgermeister von Versailles?""","""select  ?o    {    <http://de.dbpedia.org/resource/Versailles> <http://dbpedia.org/ontology/mayor>  ?o .    }""","""http://de.dbpedia.org/resource/Étienne_Pinte""","""null""","""NPP""","""single"""
"""http://localhost:8080#Bürgermeister_von_1_355150""","""Personen waren  Bürgermeister von Versailles?""","""select  ?o    {    <http://de.dbpedia.org/resource/Versailles> <http://dbpedia.org/ontology/mayor>  ?o .    }""","""http://de.dbpedia.org/resource/Étienne_Pinte""","""null""","""NPP""","""single"""
"""http://localhost:8080#Bürgermeister_von_1_355151""","""Gib mir  Bürgermeister von Versailles""","""select  ?o    {    <http://de.dbpedia.org/resource/Versailles> <http://dbpedia.org/ontology/mayor>  ?o .    }""","""http://de.dbpedia.org/resource/Étienne_Pinte""","""null""","""NPP""","""single"""
"""http://localhost:8080#Bürgermeister_von_1_355152""","""welche Person ist  Bürgermeister von Versailles?""","""select  ?o    {    <http://de.dbpedia.org/resource/Versailles> <http://dbpedia.org/ontology/mayor>  ?o .    }""","""http://de.dbpedia.org/resource/Étienne_Pinte""","""null""","""NPP""","""single"""
"""http://localhost:8080#Bürgermeister_von_1_355153""","""welche Person war  Bürgermeister von Versailles?""","""select  ?o    {    <http://de.dbpedia.org/resource/Versailles> <http://dbpedia.org/ontology/mayor>  ?o .    }""","""http://de.dbpedia.org/resource/Étienne_Pinte""","""null""","""NPP""","""single"""
"""http://localhost:8080#Bürgermeister_von_1_355154""","""wer ist  Bürgermeister von Versailles?""","""select  ?o    {    <http://de.dbpedia.org/resource/Versailles> <http://dbpedia.org/ontology/mayor>  ?o .    }""","""http://de.dbpedia.org/resource/Étienne_Pinte""","""null""","""NPP""","""single"""
"""http://localhost:8080#Bürgermeister_von_1_355155""","""wer ist Versailles s Bürgermeister?""","""select  ?o    {    <http://de.dbpedia.org/resource/Versailles> <http://dbpedia.org/ontology/mayor>  ?o .    }""","""http://de.dbpedia.org/resource/Étienne_Pinte""","""null""","""NPP""","""single"""
"""http://localhost:8080#Bürgermeister_von_1_355156""","""wer war  Bürgermeister von Versailles?""","""select  ?o    {    <http://de.dbpedia.org/resource/Versailles> <http://dbpedia.org/ontology/mayor>  ?o .    }""","""http://de.dbpedia.org/resource/Étienne_Pinte""","""null""","""NPP""","""single"""
"""http://localhost:8080#Bürgermeister_von_1_355158""","""Bürgermeister von Agel?""","""select  ?o    {    <http://de.dbpedia.org/resource/Agel> <http://dbpedia.org/ontology/mayor>  ?o .    }""","""http://de.dbpedia.org/resource/Camille_Calas""","""null""","""NPP""","""single"""
"""http://localhost:8080#Bürgermeister_von_1_355159""","""Bürgermeister von Albi?""","""select  ?o    {    <http://de.dbpedia.org/resource/Albi> <http://dbpedia.org/ontology/mayor>  ?o .    }""","""http://de.dbpedia.org/resource/Philippe_Bonnecarrère""","""null""","""NPP""","""single"""
"""http://localhost:8080#Bürgermeister_von_1_355160""","""Bürgermeister von Andrest?""","""select  ?o    {    <http://de.dbpedia.org/resource/Andrest> <http://dbpedia.org/ontology/mayor>  ?o .    }""","""http://de.dbpedia.org/resource/Anne-Marie_Saint-Martin""","""null""","""NPP""","""single"""
"""http://localhost:8080#Bürgermeister_von_1_355161""","""Bürgermeister von Bagnères-de-Bigorre?""","""select  ?o    {    <http://de.dbpedia.org/resource/Bagnères-de-Bigorre> <http://dbpedia.org/ontology/mayor>  ?o .    }""","""http://de.dbpedia.org/resource/Rolland_Castells""","""null""","""NPP""","""single"""
"""http://localhost:8080#Bürgermeister_von_1_355162""","""Bürgermeister von Barbazan-Debat?""","""select  ?o    {    <http://de.dbpedia.org/resource/Barbazan-Debat> <http://dbpedia.org/ontology/mayor>  ?o .    }""","""http://de.dbpedia.org/resource/Jean-Christian_Pédeboy""","""null""","""NPP""","""single"""
"""http://localhost:8080#Bürgermeister_von_1_355163""","""Bürgermeister von Bonrepos-Riquet?""","""select  ?o    {    <http://de.dbpedia.org/resource/Bonrepos-Riquet> <http://dbpedia.org/ontology/mayor>  ?o .    }""","""http://de.dbpedia.org/resource/Jean-Paul_Maronèse""","""null""","""NPP""","""single"""
"""http://localhost:8080#Bürgermeister_von_1_355164""","""Bürgermeister von Bordeaux?""","""select  ?o    {    <http://de.dbpedia.org/resource/Bordeaux> <http://dbpedia.org/ontology/mayor>  ?o .    }""","""http://de.dbpedia.org/resource/Alain_Juppé""","""Alain Juppé""","""NPP""","""single"""
"""http://localhost:8080#Bürgermeister_von_1_355165""","""Bürgermeister von Bordères-sur-l’Échez?""","""select  ?o    {    <http://de.dbpedia.org/resource/Bordères-sur-l’Échez> <http://dbpedia.org/ontology/mayor>  ?o .    }""","""http://de.dbpedia.org/resource/Christian_Paul""","""null""","""NPP""","""single"""
"""http://localhost:8080#Bürgermeister_von_1_355166""","""Bürgermeister von Brive-la-Gaillarde?""","""select  ?o    {    <http://de.dbpedia.org/resource/Brive-la-Gaillarde> <http://dbpedia.org/ontology/mayor>  ?o .    }""","""http://de.dbpedia.org/resource/Philippe_Nauche""","""Philippe Nauche""","""NPP""","""single"""
"""http://localhost:8080#Bürgermeister_von_1_355167""","""Bürgermeister von Béziers?""","""select  ?o    {    <http://de.dbpedia.org/resource/Béziers> <http://dbpedia.org/ontology/mayor>  ?o .    }""","""http://de.dbpedia.org/resource/Raymond_Couderc""","""null""","""NPP""","""single"""
"""http://localhost:8080#Bürgermeister_von_1_355168""","""Bürgermeister von Cayenne?""","""select  ?o    {    <http://de.dbpedia.org/resource/Cayenne> <http://dbpedia.org/ontology/mayor>  ?o .    }""","""http://de.dbpedia.org/resource/Jean-Claude_Lafontaine""","""null""","""NPP""","""single"""
"""http://localhost:8080#Bürgermeister_von_1_355169""","""Bürgermeister von Clermont-Ferrand?""","""select  ?o    {    <http://de.dbpedia.org/resource/Clermont-Ferrand> <http://dbpedia.org/ontology/mayor>  ?o .    }""","""http://de.dbpedia.org/resource/Serge_Godard""","""null""","""NPP""","""single"""
"""http://localhost:8080#Bürgermeister_von_1_355170""","""Bürgermeister von Dijon?""","""select  ?o    {    <http://de.dbpedia.org/resource/Dijon> <http://dbpedia.org/ontology/mayor>  ?o .    }""","""http://de.dbpedia.org/resource/François_Rebsamen""","""François Rebsamen""","""NPP""","""single"""
"""http://localhost:8080#Bürgermeister_von_1_355171""","""Bürgermeister von Gavarnie?""","""select  ?o    {    <http://de.dbpedia.org/resource/Gavarnie> <http://dbpedia.org/ontology/mayor>  ?o .    }""","""http://de.dbpedia.org/resource/M.Bruzeau""","""null""","""NPP""","""single"""
"""http://localhost:8080#Bürgermeister_von_1_355172""","""Bürgermeister von Ibos?""","""select  ?o    {    <http://de.dbpedia.org/resource/Ibos> <http://dbpedia.org/ontology/mayor>  ?o .    }""","""http://de.dbpedia.org/resource/Denis_Fégné""","""null""","""NPP""","""single"""
"""http://localhost:8080#Bürgermeister_von_1_355173""","""Bürgermeister von Juillan?""","""select  ?o    {    <http://de.dbpedia.org/resource/Juillan> <http://dbpedia.org/ontology/mayor>  ?o .    }""","""http://de.dbpedia.org/resource/Robert_Vignes""","""null""","""NPP""","""single"""
"""http://localhost:8080#Bürgermeister_von_1_355174""","""Bürgermeister von Laloubère?""","""select  ?o    {    <http://de.dbpedia.org/resource/Laloubère> <http://dbpedia.org/ontology/mayor>  ?o .    }""","""http://de.dbpedia.org/resource/Patrick_Vignes""","""null""","""NPP""","""single"""
"""http://localhost:8080#Bürgermeister_von_1_355175""","""Bürgermeister von Le Creusot?""","""select  ?o    {    <http://de.dbpedia.org/resource/Le_Creusot> <http://dbpedia.org/ontology/mayor>  ?o .    }""","""http://de.dbpedia.org/resource/André_Billardon""","""null""","""NPP""","""single"""
"""http://localhost:8080#Bürgermeister_von_1_355176""","""Bürgermeister von Lupiac?""","""select  ?o    {    <http://de.dbpedia.org/resource/Lupiac> <http://dbpedia.org/ontology/mayor>  ?o .    }""","""http://de.dbpedia.org/resource/Yves_Rispat""","""null""","""NPP""","""single"""
"""http://localhost:8080#Bürgermeister_von_1_355177""","""Bürgermeister von L’Haÿ-les-Roses?""","""select  ?o    {    <http://de.dbpedia.org/resource/L’Haÿ-les-Roses> <http://dbpedia.org/ontology/mayor>  ?o .    }""","""http://de.dbpedia.org/resource/Vincent_Jeanbrun""","""null""","""NPP""","""single"""
"""http://localhost:8080#Bürgermeister_von_1_355178""","""Bürgermeister von Montech?""","""select  ?o    {    <http://de.dbpedia.org/resource/Montech> <http://dbpedia.org/ontology/mayor>  ?o .    }""","""http://de.dbpedia.org/resource/Robert_Lagrèze""","""null""","""NPP""","""single"""
"""http://localhost:8080#Bürgermeister_von_1_355179""","""Bürgermeister von Ossun?""","""select  ?o    {    <http://de.dbpedia.org/resource/Ossun> <http://dbpedia.org/ontology/mayor>  ?o .    }""","""http://de.dbpedia.org/resource/Charles_Barreat""","""null""","""NPP""","""single"""
"""http://localhost:8080#Bürgermeister_von_1_355180""","""Bürgermeister von Oursbelille?""","""select  ?o    {    <http://de.dbpedia.org/resource/Oursbelille> <http://dbpedia.org/ontology/mayor>  ?o .    }""","""http://de.dbpedia.org/resource/Henri_Fatta""","""null""","""NPP""","""single"""
"""http://localhost:8080#Bürgermeister_von_1_355181""","""Bürgermeister von Palaiseau?""","""select  ?o    {    <http://de.dbpedia.org/resource/Palaiseau> <http://dbpedia.org/ontology/mayor>  ?o .    }""","""http://de.dbpedia.org/resource/François_Lamy""","""François Lamy""","""NPP""","""single"""
"""http://localhost:8080#Bürgermeister_von_1_355182""","""Bürgermeister von Paray-le-Monial?""","""select  ?o    {    <http://de.dbpedia.org/resource/Paray-le-Monial> <http://dbpedia.org/ontology/mayor>  ?o .    }""","""http://de.dbpedia.org/resource/Jean-Marc_Nesme""","""null""","""NPP""","""single"""
"""http://localhost:8080#Bürgermeister_von_1_355183""","""Bürgermeister von Quincy-sous-Sénart?""","""select  ?o    {    <http://de.dbpedia.org/resource/Quincy-sous-Sénart> <http://dbpedia.org/ontology/mayor>  ?o .    }""","""http://de.dbpedia.org/resource/Daniel_Besse""","""null""","""NPP""","""single"""
"""http://localhost:8080#Bürgermeister_von_1_355184""","""Bürgermeister von Saint-Malo?""","""select  ?o    {    <http://de.dbpedia.org/resource/Saint-Malo> <http://dbpedia.org/ontology/mayor>  ?o .    }""","""http://de.dbpedia.org/resource/René_Couanau""","""null""","""NPP""","""single"""
"""http://localhost:8080#Bürgermeister_von_1_355185""","""Bürgermeister von Saint-Mandé?""","""select  ?o    {    <http://de.dbpedia.org/resource/Saint-Mandé> <http://dbpedia.org/ontology/mayor>  ?o .    }""","""http://de.dbpedia.org/resource/Marianne_d'Or""","""null""","""NPP""","""single"""
"""http://localhost:8080#Bürgermeister_von_1_355186""","""Bürgermeister von Soues Hautes-Pyrénées?""","""select  ?o    {    <http://de.dbpedia.org/resource/Soues_(Hautes-Pyrénées)> <http://dbpedia.org/ontology/mayor>  ?o .    }""","""http://de.dbpedia.org/resource/Roger_Lescoute""","""null""","""NPP""","""single"""
"""http://localhost:8080#Bürgermeister_von_1_355187""","""Bürgermeister von Straßburg?""","""select  ?o    {    <http://de.dbpedia.org/resource/Straßburg> <http://dbpedia.org/ontology/mayor>  ?o .    }""","""http://de.dbpedia.org/resource/Roland_Ries_(Politiker)""","""Roland Ries (Politiker)""","""NPP""","""single"""
"""http://localhost:8080#Bürgermeister_von_1_355188""","""Bürgermeister von Séméac?""","""select  ?o    {    <http://de.dbpedia.org/resource/Séméac> <http://dbpedia.org/ontology/mayor>  ?o .    }""","""http://de.dbpedia.org/resource/Geneviève_Isson""","""null""","""NPP""","""single"""
"""http://localhost:8080#Bürgermeister_von_1_355189""","""Bürgermeister von Tarbes?""","""select  ?o    {    <http://de.dbpedia.org/resource/Tarbes> <http://dbpedia.org/ontology/mayor>  ?o .    }""","""http://de.dbpedia.org/resource/Gérard_Trémège""","""null""","""NPP""","""single"""
"""http://localhost:8080#Bürgermeister_von_1_355190""","""Bürgermeister von Tournay?""","""select  ?o    {    <http://de.dbpedia.org/resource/Tournay> <http://dbpedia.org/ontology/mayor>  ?o .    }""","""http://de.dbpedia.org/resource/Josette_Fourcade""","""null""","""NPP""","""single"""
"""http://localhost:8080#Bürgermeister_von_1_355191""","""Bürgermeister von Versailles?""","""select  ?o    {    <http://de.dbpedia.org/resource/Versailles> <http://dbpedia.org/ontology/mayor>  ?o .    }""","""http://de.dbpedia.org/resource/Étienne_Pinte""","""null""","""NPP""","""single"""
